id,domain,status,purchase_price,renewal_price,attractiveness,demand,length,registrar,created_at,expires_at,status_verified_at
4de31c5d-e1df-4b8f-a35f-cc9b17752c6f,baccharis.schule,available,28.99,28.99,medium,low,9,namesilo,,,21/09/2026 14:00
d35ac790-0057-434a-8cbb-a175d2784cff,ina.schule,available,22.97,22.97,high,low,3,spaceship,,,28/09/2026 04:04
6318dea4-1283-44e7-bf97-c4434ee31d69,plague.schule,available,22.2,22.2,medium,low,6,cloudflare,,,29/09/2026 02:58
f048214e-2d6c-453c-9874-bc1aa2b20944,newscast.schule,available,28.99,28.99,high,low,8,namesilo,,,02/10/2026 16:11
c6ca89d0-f997-48b3-a8d9-14f3a809ef79,slices.schule,available,28.99,28.99,medium,low,6,namesilo,,,30/09/2026 15:42
b5a14779-fa79-40e1-ac87-516baea9c3ca,cabin.schule,available,28.99,28.99,high,low,5,namesilo,,,24/09/2026 11:32
9f01c468-0453-433d-aa55-1d935207c434,serve.schule,available,22.97,22.97,high,low,5,spaceship,,,29/09/2026 15:49
d3a1f016-1b2d-4dec-a665-34c0fe43bc72,heterodyne.schule,available,19.99,41.99,medium,low,10,name.com,,,21/08/2026 07:29
70c75edc-f9b0-46e4-98da-bbde2cedf5cd,amarillo.schule,available,28.99,28.99,medium,low,8,namesilo,,,18/09/2026 15:59
799c5800-b6dc-463e-b46e-326d87cae0c5,monastery.schule,available,22.97,22.97,high,low,9,spaceship,,,28/09/2026 19:54
9fca7587-3249-425e-b337-5f2944b007ad,elbow.schule,available,28.99,28.99,high,low,5,namesilo,,,20/09/2026 11:23
e8ddd09e-7249-4389-bbcc-d3fc9de89f7c,fecal.schule,available,19.99,41.99,medium,low,5,name.com,,,17/08/2026 20:38
08248925-2aff-4e7e-8be8-4e06b4e1cefe,hospitality.schule,available,22.97,22.97,high,low,11,spaceship,,,28/09/2026 04:30
45e6e100-18f1-43d3-8d1e-337ce38c6151,exhibits.schule,available,28.99,28.99,medium,low,8,namesilo,,,30/09/2026 00:23
f0c15d6e-8571-4bca-b224-661d792a4747,flippant.schule,available,19.99,41.99,medium,low,8,name.com,,,18/08/2026 08:32
64b3ca5e-620c-4eb5-b2b4-59478b465a7c,gallo.schule,available,28.99,28.99,medium,low,5,namesilo,,,28/09/2026 23:17
7a96f7da-5232-4dc9-a2ac-b5cdd2b70b89,dayton.schule,available,22.2,22.2,high,low,6,cloudflare,,,30/09/2026 01:15
5f44c8ce-7b56-4a47-b1d5-59be83eb4f97,looked.schule,available,28.99,28.99,high,low,6,namesilo,,,18/09/2026 11:20
ef35b715-1fa3-43ba-b4de-9f3896b48dd1,few.schule,available,28.99,28.99,high,low,3,namesilo,,,24/09/2026 17:38
222e1d6c-14af-4c16-a3f7-b49b37deb84d,absurd.schule,available,19.99,41.99,high,low,6,name.com,,,
b309383b-43b9-4d36-a246-7e964d1e9af9,january.schule,available,10.81,23.17,high,low,7,porkbun,,,30/09/2026 00:38
3acd81e4-6b3e-4edd-bafa-38e1e58474b8,churchman.schule,available,19.99,41.99,medium,low,9,name.com,,,14/08/2026 23:29
8a47176f-060c-4ef6-834a-d23603cf6071,adenoid.schule,available,19.99,41.99,medium,low,7,name.com,,,
26d19685-4687-4ad6-b340-7a13f9fba735,recourse.schule,available,29.98,32.98,high,low,8,namecheap,,,02/10/2026 16:32
32a7e4f7-59a7-45eb-bc91-108c0492485f,cohomology.schule,available,10.92,23.76,medium,low,10,dynadot,,,30/09/2026 15:06
8b91368c-dc4d-4c93-82b9-4d3e921d11f9,blacksburg.schule,available,28.99,28.99,medium,low,10,namesilo,,,24/09/2026 02:57
9769ed32-5f95-4da1-a2c3-3679be265926,aquitania.schule,available,28.99,28.99,medium,low,9,namesilo,,,19/09/2026 23:18
64414a53-0169-4eb2-841f-07c0144b0be7,jumbled.schule,available,19.99,41.99,medium,low,7,name.com,,,21/08/2026 08:39
088dd61a-6630-4afe-9b42-bacab5ba0af3,helpful.schule,available,19.99,41.99,high,low,7,name.com,,,21/08/2026 06:37
c2af0b26-af07-4a5a-a54a-2edb3a197c27,awed.schule,available,19.99,41.99,high,low,4,name.com,,,08/08/2026 00:44
23bec0dc-3db3-4fff-8f3a-679874d0de9b,turks.schule,available,29.98,32.98,medium,low,5,namecheap,,,29/09/2026 16:41
b4ca1063-a76f-428f-a5ed-848f7c56247c,crabs.schule,available,22.97,22.97,high,low,5,spaceship,,,29/09/2026 00:30
31b3b86e-a09a-40b7-a36f-daccd9eacf84,antitrust.schule,available,19.99,41.99,medium,low,9,name.com,,,
720b0a8d-77a8-40ea-afd0-f4d021429cc8,sloppy.schule,available,19.99,41.99,high,low,6,name.com,,,08/08/2026 08:22
ea26fca7-87ed-4f69-a95c-60979590c448,associates.schule,available,29.98,32.98,medium,low,10,namecheap,,,28/09/2026 08:50
5412eb7b-440b-4cb4-91a8-3b1c281d9c6c,sculptural.schule,available,19.99,41.99,medium,low,10,name.com,,,25/08/2026 02:53
61dc4af8-c61a-489d-9807-962455d367c8,tongues.schule,available,28.99,28.99,medium,low,7,namesilo,,,18/09/2026 07:52
c5a515d6-2669-4a52-9dcf-b007628c4e87,yoshida.schule,available,28.99,28.99,high,low,7,namesilo,,,29/09/2026 11:11
11aa731c-6d05-4144-a9cd-556e27a20cfb,becalm.schule,available,28.99,28.99,medium,low,6,namesilo,,,10/09/2026 19:38
3c0213ef-9793-4453-948e-7aa8e226cdaa,barn.schule,available,28.99,28.99,high,low,4,namesilo,,,29/09/2026 01:11
40159fa4-a543-478b-973b-ad1af38bec48,reduces.schule,available,28.99,28.99,medium,low,7,namesilo,,,02/10/2026 13:41
03d2cdcf-3f63-4a8c-8c0a-3c0749874fe2,bellarmine.schule,available,28.99,28.99,medium,low,10,namesilo,,,23/09/2026 05:54
0c277c9c-66ae-4e7a-8c8c-696707a5842a,keeps.schule,available,29.98,32.98,high,low,5,namecheap,,,25/09/2026 19:06
f922a572-35e9-4930-bb02-1b6eb1ebbf18,bierce.schule,available,28.99,28.99,medium,low,6,namesilo,,,18/09/2026 17:23
7fa10bf5-1dd5-4f93-91ee-e1727356f014,abutter.schule,available,29.98,32.98,medium,low,7,namecheap,,,16/09/2026 19:36
5681dc03-ac5c-4bfd-8609-1eec38cf0ff1,panda.schule,available,22.2,22.2,high,medium,5,cloudflare,,,28/09/2026 19:27
af0488d8-8b4e-4240-b50f-c64ea89f734f,argentinian.schule,available,28.99,28.99,high,low,11,namesilo,,,30/09/2026 03:20
0ee6f0c5-9b9d-4b7f-a290-2feac5ff3b53,commodious.schule,available,19.99,41.99,medium,low,10,name.com,,,12/08/2026 19:10
a57a4500-4a1f-4ef4-a7c7-7b565c81d630,cased.schule,available,19.99,41.99,medium,low,5,name.com,,,11/08/2026 20:04
8d606d45-10df-42a9-afe6-4fce0d5b7efa,learnt.schule,available,19.99,,high,low,6,name.com,,,
576c9806-31ef-4af6-89a4-57c3c57c57c7,etiologic.schule,available,19.99,41.99,medium,low,9,name.com,,,
26cff24f-5f25-442e-b897-4cadcac4fa83,knockdown.schule,available,19.99,41.99,medium,low,9,name.com,,,22/08/2026 16:34
2ee0314f-67f7-4376-ba0c-05ef6c137334,boggs.schule,available,29.98,32.98,medium,low,5,namecheap,,,29/09/2026 04:30
27277b03-3efe-4d0f-96a5-efe8ed404f30,bagman.schule,available,29.98,32.98,medium,low,6,namecheap,,,21/09/2026 18:10
447f298a-fa6f-4260-96fb-ca1fb4c5235d,annulet.schule,available,28.99,28.99,medium,low,7,namesilo,,,19/09/2026 10:59
365c9258-a919-4a1c-ae33-2e5b0f0ea06e,robed.schule,available,19.99,41.99,medium,low,5,name.com,,,06/08/2026 05:03
ad342d68-5f51-4206-8f55-b94db1ff9a1e,diatonic.schule,available,19.99,41.99,medium,low,8,name.com,,,14/08/2026 06:21
a64b28bc-975c-44d9-86a3-5d1f43f4f2d1,ground.schule,available,22.97,22.97,high,low,6,spaceship,,,29/09/2026 17:40
bf37a4a4-3dbe-47d3-a0f2-f1dea6e5232b,restored.schule,available,28.99,28.99,high,low,8,namesilo,,,28/09/2026 11:28
04dad63c-8c7a-4c18-9fd0-21b06b617f58,seconds.schule,available,28.99,28.99,high,low,7,namesilo,,,25/09/2026 18:47
0bc1b1f9-6998-4014-8cd4-9f3e4acd8ddc,poached.schule,available,19.99,41.99,medium,low,7,name.com,,,10/08/2026 17:34
3643adca-16a1-47f3-a47b-37d7d082da81,visiting.schule,available,28.99,28.99,high,low,8,namesilo,,,30/09/2026 14:33
6c451951-5ab4-46dd-a2f6-2ae1367cfbbc,nsdap.schule,available,28.99,28.99,medium,low,5,namesilo,,,03/10/2026 04:31
d927a187-1485-4f55-b0d2-7a4facbda8f6,prom.schule,available,22.97,22.97,high,low,4,spaceship,,,28/09/2026 02:58
3a854af1-70cc-42d6-a96f-daa5b2a5352b,threatening.schule,available,22.97,22.97,medium,low,11,spaceship,,,01/10/2026 18:33
47b9d987-863d-4158-9c8a-7577d6afee3a,bolshie.schule,available,19.99,41.99,medium,low,7,name.com,,,10/08/2026 17:55
a89c46be-19cc-4b58-9ae9-1e4c74b2f846,protecting.schule,available,28.99,28.99,high,low,10,namesilo,,,27/09/2026 02:52
f992076e-6863-459f-9e4c-e9f35faeeecf,celebrating.schule,available,28.99,28.99,high,low,11,namesilo,,,27/09/2026 06:50
08ec8b4a-93e6-4d1e-aa00-2fa4e7af3d24,weaknesses.schule,available,10.81,23.17,low,low,10,porkbun,,,29/09/2026 17:45
304410a4-e915-45b8-8d18-78881671265c,tartu.schule,available,29.98,32.98,high,low,5,namecheap,,,30/09/2026 18:53
baeed5b9-1f14-4fd6-b826-e625bb8a52a1,passee.schule,available,19.99,41.99,medium,low,6,name.com,,,14/08/2026 01:19
4d1696cc-3190-4863-9189-cec01274c197,arles.schule,available,29.98,32.98,medium,low,5,namecheap,,,20/09/2026 06:15
5bd2b660-1454-4464-a0e4-b54b26cfa1d9,irenaeus.schule,available,28.99,28.99,medium,low,8,namesilo,,,03/10/2026 01:19
8e81dcc6-d95c-4177-8bdd-105c57f204c4,validation.schule,available,22.2,22.2,high,low,10,cloudflare,,,30/09/2026 19:08
9b0319d8-c272-47f0-a2d2-0a3c3493014b,rainbow.schule,available,22.97,22.97,high,medium,7,spaceship,,,30/09/2026 09:08
b558c9b6-4c2f-49a9-b995-2ed72c6ff11e,homotopy.schule,available,22.2,22.2,medium,low,8,cloudflare,,,01/10/2026 01:08
41dee9fd-226e-4c9d-9683-ce5131b4fa7e,astonished.schule,available,28.99,28.99,high,low,10,namesilo,,,22/09/2026 03:35
39927cd1-ca74-41a8-ab58-4d6155bca982,apologise.schule,available,28.99,28.99,high,low,9,namesilo,,,30/09/2026 15:07
d74a24d0-b016-4b35-82ec-24789ee300d3,puritan.schule,available,28.99,28.99,high,low,7,namesilo,,,03/10/2026 01:51
f89fbd30-4677-4dbb-979d-a0213876a3b7,willow.schule,available,22.97,22.97,high,low,6,spaceship,,,30/09/2026 14:43
01fae2bd-7e8f-4561-b55f-4987cb29a184,kansas.schule,available,22.97,22.97,high,low,6,spaceship,,,30/09/2026 01:12
d9a06320-f4d7-4b9c-918c-29c5fec12229,implacable.schule,available,19.99,41.99,medium,low,10,name.com,,,21/08/2026 22:31
eefc05e2-76eb-435e-b70f-a8ea111c1bf1,snuck.schule,available,29.98,32.98,medium,low,5,namecheap,,,20/09/2026 23:46
734e9c7c-1990-41c3-9b99-972e8ad056b8,telepathic.schule,available,28.99,28.99,high,low,10,namesilo,,,11/09/2026 10:18
32202b14-8bd1-4bbe-aaab-180fe41be67d,capricorn.schule,available,28.99,28.99,high,low,9,namesilo,,,24/09/2026 12:40
d18016df-381b-473e-b6ec-5fb1298ccf65,genesee.schule,available,28.99,28.99,medium,low,7,namesilo,,,28/09/2026 08:10
25881b37-a3a6-4e18-b399-79e3405723bc,angiology.schule,available,28.99,28.99,high,low,9,namesilo,,,19/09/2026 06:13
882d9c59-c66b-4050-af23-f10b1cff5046,moody.schule,available,19.99,41.99,high,low,5,name.com,,,20/08/2026 14:59
b568556e-af09-4808-954b-e780c219cbbe,amicably.schule,available,29.98,32.98,medium,low,8,namecheap,,,13/09/2026 19:29
ca90b424-e1af-40c6-a372-3ef3277238bf,deuce.schule,available,28.99,28.99,high,low,5,namesilo,,,21/09/2026 12:17
1dae5cdc-3ec6-4dbe-b934-0e1b61ba583b,kigali.schule,available,28.99,28.99,medium,low,6,namesilo,,,24/09/2026 12:21
04ee5338-1f1c-41c9-b28c-4029f4266da8,bismark.schule,available,28.99,28.99,medium,low,7,namesilo,,,23/09/2026 09:37
48c452dc-f480-4a1a-9f47-6ea421016427,resists.schule,available,28.99,28.99,medium,low,7,namesilo,,,18/09/2026 10:58
572113cc-655c-48f0-82f4-579737687825,breda.schule,available,22.2,22.2,medium,low,5,cloudflare,,,30/09/2026 21:05
0a5a0ef5-9626-4077-be5e-58c4060788f3,luciano.schule,available,28.99,28.99,medium,low,7,namesilo,,,29/09/2026 05:56
9b2f2e10-6595-4de3-9adc-4167269bed19,urine.schule,available,29.98,32.98,high,low,5,namecheap,,,28/09/2026 02:54
6b4d214d-87a6-4e4a-9ca2-27956bdc48a0,fiedler.schule,available,29.98,32.98,high,low,7,namecheap,,,20/09/2026 10:50
bdc5ed07-e462-4831-bd55-a0503adb5a76,unfathomed.schule,available,28.99,28.99,medium,low,10,namesilo,,,12/09/2026 09:57
fd04cb5c-131a-496f-a275-6c73df2a4b8f,bartholdi.schule,available,28.99,28.99,medium,low,9,namesilo,,,22/09/2026 09:11
a07b764d-b06f-4d60-8ed7-a4dfbf59566c,pakistani.schule,available,19.99,41.99,high,low,9,name.com,,,04/09/2026 23:13
3e48bdac-e64d-4b5c-a8fc-157c4ec95f7b,camwood.schule,available,28.99,28.99,medium,low,7,namesilo,,,17/09/2026 15:22
fd4741ca-f172-49f3-a8b2-cebbbb6048b4,coordinates.schule,available,29.98,32.98,medium,low,11,namecheap,,,30/09/2026 15:15
fcd3a8b2-6afa-4a5c-99b1-d572fc97ea4d,bedbug.schule,available,28.99,28.99,medium,low,6,namesilo,,,22/09/2026 22:45
5d261f2f-9665-49b1-b4e7-b91462c065f7,sprung.schule,available,22.97,22.97,high,low,6,spaceship,,,29/09/2026 14:17
b4810d41-2e82-4943-81f8-79f407cc85f0,hearts.schule,available,22.97,22.97,high,low,6,spaceship,,,29/09/2026 22:26
d7a3e676-6910-4129-a4e5-4f403ab418f8,inflexible.schule,available,19.99,41.99,medium,low,10,name.com,,,22/08/2026 04:32
92214fd0-1e73-430e-bf1f-b131dde9fe63,educate.schule,available,28.99,28.99,high,low,7,namesilo,,,02/10/2026 02:27
7852f592-4809-4828-9aba-ac1058edfe91,idempotent.schule,available,19.99,41.99,medium,low,10,name.com,,,21/08/2026 18:03
5f74e842-d1c7-4252-99dc-e1399c8cd53c,walks.schule,available,29.98,32.98,medium,low,5,namecheap,,,25/09/2026 16:37
045099ca-1e0e-4cb3-bf79-06f4cb665806,collide.schule,available,28.99,28.99,high,low,7,namesilo,,,24/09/2026 15:18
8fe1cd97-f84a-4258-b9a7-0da264533e45,tremor.schule,available,10.92,23.76,high,low,6,dynadot,,,02/10/2026 14:56
dd62ab0f-91b2-42c0-8c39-484ab84d0b85,corking.schule,available,19.99,41.99,medium,low,7,name.com,,,08/08/2026 12:20
96285b89-0c46-452f-8a94-0d3888d7a83a,murat.schule,available,10.81,23.17,medium,low,5,porkbun,,,29/09/2026 22:16
aa3b49cc-1f3f-4455-a786-17dbf70f267d,intro.schule,available,22.2,22.2,high,low,5,cloudflare,,,30/09/2026 00:18
0bd9f09a-5b59-4860-8f10-22a80719192f,maxi.schule,available,19.99,41.99,high,low,4,name.com,,,24/08/2026 17:46
ef2765a7-4890-4ee5-84b8-a4792b8a1613,norma.schule,available,29.98,32.98,high,low,5,namecheap,,,28/09/2026 14:58
acdd4144-5975-405b-8c7a-55ec59df22bc,derived.schule,available,19.99,41.99,medium,low,7,name.com,,,14/08/2026 03:07
64563b89-4917-49db-83cf-2d594b133cd0,antony.schule,available,28.99,28.99,high,low,6,namesilo,,,19/09/2026 13:33
6d4fb69d-935a-4baa-8283-99e9dc090f4f,equivocal.schule,available,19.99,41.99,high,low,9,name.com,,,
e9ed006b-81f9-4686-8742-2ea6ac6d792a,elves.schule,available,28.99,28.99,high,low,5,namesilo,,,29/09/2026 18:45
322cd1b2-1507-4db7-ae51-f4fe981cf76e,tennessee.schule,available,28.99,28.99,high,low,9,namesilo,,,28/09/2026 11:00
186b3021-bb6d-40ec-b1c6-3552a15fd915,commenced.schule,available,28.99,28.99,medium,low,9,namesilo,,,02/10/2026 02:27
064828f1-0fd0-4c20-8a76-3a7ed6b70688,revisions.schule,available,28.99,28.99,medium,low,9,namesilo,,,20/09/2026 05:28
ffb800a1-fe8c-44ae-bd2d-0343465d73e8,behaviors.schule,available,29.98,32.98,low,low,9,namecheap,,,02/10/2026 13:50
f96f2e66-706d-434e-9f38-d32b24f1637b,weighed.schule,available,22.97,22.97,medium,low,7,spaceship,,,28/09/2026 12:31
fdab3738-bc68-46e1-afd4-e4f791ece97c,keno.schule,available,29.98,32.98,high,low,4,namecheap,,,22/09/2026 20:42
1d5b625b-3a5c-4822-b1fd-18a3bb3df450,coalescent.schule,available,19.99,41.99,medium,low,10,name.com,,,12/08/2026 13:51
218c8031-d9f0-4e35-84d2-89d236dc3ce2,solitaire.schule,premium,118.8,118.8,high,low,9,namesilo,,,03/10/2026 01:46
2bb7464b-ff41-45b7-9d7b-a15250f8697e,accusative.schule,available,19.99,41.99,high,low,10,name.com,,,
433eb54a-33dc-438d-95a7-ef1f7b8d7cce,tenner.schule,available,28.99,28.99,medium,low,6,namesilo,,,21/09/2026 10:53
326a6973-b369-496a-87c5-9803f2af12c2,producers.schule,available,28.99,28.99,medium,low,9,namesilo,,,28/09/2026 23:09
c55dc0df-70a8-46e6-ae92-57eebcfbb336,extermination.schule,available,28.99,28.99,medium,low,13,namesilo,,,29/09/2026 23:26
1681f393-8de3-46da-a3de-ab7d8f995fd9,wrecking.schule,available,29.98,32.98,medium,low,8,namecheap,,,29/09/2026 19:31
38699da7-a584-4958-803f-eb6e609f90e5,thus.schule,available,22.2,22.2,high,low,4,cloudflare,,,28/09/2026 15:12
20975b2c-ddeb-46f2-a80c-a89b62ff21e1,ironical.schule,available,19.99,41.99,medium,low,8,name.com,,,22/08/2026 10:06
282566db-6d36-445f-9af7-597f52781fe1,dun.schule,available,19.99,41.99,medium,low,3,name.com,,,14/08/2026 21:12
c3bd1042-9685-4901-a2c2-deb815383dab,uniat.schule,available,28.99,28.99,medium,low,5,namesilo,,,12/09/2026 12:44
e8d2b6b1-cca2-48f9-9e6c-dbb7ced4cf5a,feculent.schule,available,19.99,41.99,low,low,8,name.com,,,18/08/2026 00:32
cd1c3e21-a800-4e43-a6f2-ed52a06d57de,kitchens.schule,available,22.97,22.97,medium,low,8,spaceship,,,02/10/2026 03:24
611ce28a-4233-46c2-a2d2-2356fe800f26,propane.schule,available,22.2,22.2,high,low,7,cloudflare,,,01/10/2026 21:22
bffac459-2e0f-4839-adec-edf3069dba6d,guggenheim.schule,available,28.99,28.99,high,low,10,namesilo,,,27/09/2026 04:18
d0cac7f5-83c3-481a-b1ef-e00b885a25aa,foxy.schule,available,19.99,41.99,high,low,4,name.com,,,13/08/2026 04:30
900decae-ea4d-4765-b74e-1044bcde3b34,unger.schule,available,10.92,23.76,medium,low,5,dynadot,,,30/09/2026 05:25
8b79ee99-3d36-4638-8eaf-9f80fcc01437,bassist.schule,available,28.99,28.99,medium,low,7,namesilo,,,22/09/2026 12:26
5bf7abc5-6e28-4a10-83b9-72683a7d0dd5,larson.schule,available,28.99,28.99,medium,low,6,namesilo,,,27/09/2026 01:48
5710522e-5bb5-4e22-9317-6c4cd1f05770,loveable.schule,available,19.99,41.99,high,low,8,name.com,,,24/08/2026 10:07
d519748f-37b7-4a80-ba60-6bf255f4735f,theirs.schule,available,19.99,,medium,low,6,name.com,,,
dac1923d-d9b0-4f06-84fa-565f8990347b,sugarless.schule,available,28.99,28.99,medium,low,9,namesilo,,,19/09/2026 15:11
739ab073-9315-4941-94ba-1bb49d6a1f30,manipulating.schule,available,29.98,32.98,medium,low,12,namecheap,,,30/09/2026 14:55
a2dd5dfc-8087-48ae-aef0-f5ab824f5f3b,infield.schule,available,28.99,28.99,high,low,7,namesilo,,,22/09/2026 10:07
096d3eca-7267-4838-8989-15795d839fdd,adoptee.schule,available,28.99,28.99,medium,low,7,namesilo,,,17/09/2026 09:39
89a0462d-6d8a-4773-8e2a-5ee42b41f258,ocr.schule,available,29.98,32.98,high,low,3,namecheap,,,02/10/2026 06:47
c836e804-1245-4861-862f-46ff4dfb0b23,millennial.schule,available,19.99,41.99,high,low,10,name.com,,,24/08/2026 23:16
17938da5-8c90-4a46-90b5-1b6bf0c5ea04,questionnaire.schule,available,22.97,22.97,high,low,13,spaceship,,,01/10/2026 04:57
54b52eb7-9d39-4e05-89f0-2fbbbf47800d,illustrates.schule,available,28.99,28.99,high,low,11,namesilo,,,02/10/2026 22:27
5df33782-1102-4bcf-9ed2-5f94cff8a7ec,geiger.schule,available,28.99,28.99,high,low,6,namesilo,,,01/10/2026 02:15
dc7a66cf-1216-45ab-9c21-071c24d99f81,delight.schule,available,22.97,22.97,high,low,7,spaceship,,,28/09/2026 16:32
797b05ce-2a1b-40e8-9d41-2894c31e1f2e,nicaraguan.schule,available,28.99,28.99,medium,low,10,namesilo,,,03/09/2026 17:03
af34ca3c-a9a0-40fe-971b-e68e1c18b928,effeminate.schule,available,19.99,41.99,medium,low,10,name.com,,,12/08/2026 08:34
3a840ccd-ecc8-490f-a047-ebb80e0a0f2e,tones.schule,available,22.97,22.97,medium,low,5,spaceship,,,29/09/2026 10:44
5f6735b2-7c75-4aa6-8268-352facd2f016,noncitizen.schule,available,19.99,41.99,medium,low,10,name.com,,,
dd649308-d77a-4266-b259-d4070960cdf1,speaks.schule,available,28.99,28.99,medium,low,6,namesilo,,,16/09/2026 07:20
3e280c31-79d4-40bd-94a6-2f13814660bd,calamitous.schule,available,19.99,41.99,medium,low,10,name.com,,,11/08/2026 13:28
a6862ed0-1e96-4b5e-a610-12744b9dd238,persuade.schule,available,22.97,22.97,high,low,8,spaceship,,,27/09/2026 16:35
a0ca57a5-b379-4f97-94c2-84cb3798c869,benz.schule,available,22.97,22.97,high,low,4,spaceship,,,29/09/2026 14:58
c52f3b4a-dc29-4022-bece-b9c51bf4965c,dft.schule,available,10.92,23.76,medium,low,3,dynadot,,,02/10/2026 10:24
532f703b-2e5b-4ff4-8b08-f80135fe50a3,aptitude.schule,available,28.99,28.99,high,low,8,namesilo,,,19/09/2026 22:41
80e31ea7-0d97-40fe-b0c4-289ecbf30867,sitter.schule,available,19.99,41.99,high,low,6,name.com,,,11/08/2026 06:16
664cf5a3-b768-42da-8432-6d8be389c195,bargain.schule,available,28.99,28.99,high,low,7,namesilo,,,29/09/2026 01:09
975eaf26-132b-4c2d-8945-21143a3a1b7d,assert.schule,available,22.97,22.97,high,low,6,spaceship,,,29/09/2026 14:01
4521afa1-3bd3-41b1-ad66-3e0c7ba1921d,violation.schule,available,28.99,28.99,high,low,9,namesilo,,,30/09/2026 00:09
2662caf4-049f-4f80-a8a6-feb56443bc22,frankenstein.schule,available,10.92,23.76,high,low,12,dynadot,,,28/09/2026 21:01
6c896a12-40ed-4e52-b04a-422abbb6e65b,explanations.schule,available,29.98,32.98,medium,low,12,namecheap,,,17/09/2026 10:05
5655d870-92f9-4452-ba8e-f889af436e44,soap.schule,available,22.97,22.97,high,low,4,spaceship,,,29/09/2026 17:31
f741cb58-bb10-447c-a3f6-79b6ebf2e6c4,factor.schule,available,28.99,28.99,high,low,6,namesilo,,,29/09/2026 04:30
2f3bf926-1617-434e-bd1e-ea1555a22763,pinball.schule,available,22.97,22.97,high,low,7,spaceship,,,01/10/2026 21:17
066be438-98cc-42de-ab3d-c1422e44554b,aiding.schule,available,28.99,28.99,high,low,6,namesilo,,,30/09/2026 12:01
db8f83be-0e09-4a12-9edb-ee0860705932,palsied.schule,available,28.99,28.99,medium,low,7,namesilo,,,05/09/2026 00:19
3e678ae2-7a61-48b4-ae3d-bd6b53e51c68,warned.schule,available,28.99,28.99,medium,low,6,namesilo,,,18/09/2026 02:46
eaa001e9-e3fd-445b-a1cf-68272e1eae81,crumble.schule,available,28.99,28.99,high,low,7,namesilo,,,01/10/2026 22:10
090b00a2-7dbd-4f36-8aad-ba4628382c67,frenzy.schule,available,28.99,28.99,high,low,6,namesilo,,,24/09/2026 21:40
9c3635e3-b627-481b-ae1f-a6458c5f4c03,visitation.schule,available,28.99,28.99,medium,low,10,namesilo,,,30/09/2026 11:12
6c057158-8793-4a59-887d-ea0c98105d28,uppity.schule,available,28.99,28.99,medium,low,6,namesilo,,,12/09/2026 23:17
c19a0fb2-9d25-4775-a256-73c966e81dc2,turtles.schule,available,28.99,28.99,medium,low,7,namesilo,,,28/09/2026 23:52
edfcd707-2950-4dbb-b45d-79eda439090f,cajole.schule,available,28.99,28.99,medium,low,6,namesilo,,,24/09/2026 04:10
7b484a3c-b007-4703-84d3-fa8b7babe675,stretches.schule,available,28.99,28.99,medium,low,9,namesilo,,,18/09/2026 07:56
d43c3392-c480-450b-9936-0e9b0faa7bce,blackseed.schule,available,28.99,28.99,medium,low,9,namesilo,,,24/09/2026 03:00
818058d4-c349-4e57-86c4-d22f0c52aa8a,alarm.schule,available,19.99,41.99,high,low,5,name.com,,,
b1d90e97-f351-48c4-8c18-72a411e813f2,forcible.schule,available,19.99,41.99,medium,low,8,name.com,,,18/08/2026 11:19
34412a7f-c334-4a6b-bfae-6d4fa93db35b,aliment.schule,available,28.99,28.99,medium,low,7,namesilo,,,18/09/2026 07:56
a1e013db-a8f2-4f20-8ef0-4a3240191b03,perks.schule,available,28.99,28.99,high,low,5,namesilo,,,20/09/2026 14:58
66df08be-6842-4b17-b19d-7a89255e8aaf,footling.schule,available,19.99,41.99,medium,low,8,name.com,,,18/08/2026 03:30
01f226d7-b792-4c09-ac12-94928f87a729,krakow.schule,available,10.92,23.76,high,low,6,dynadot,,,01/10/2026 01:37
47306e4d-7f5f-4bfb-add6-f36933a3c774,firebird.schule,available,28.99,28.99,high,low,8,namesilo,,,22/09/2026 00:21
b8340a45-e2bb-4f93-9e6e-4a9e3b06fffa,betimes.schule,available,19.99,41.99,medium,low,7,name.com,,,13/09/2026 23:59
9f7b5d3f-1b3b-4770-a698-86d543a0ae68,uncovering.schule,available,28.99,28.99,high,low,10,namesilo,,,22/09/2026 06:00
5f3a9564-75ee-4814-a214-367251bf234b,bid.schule,premium,108.9,108.9,high,low,3,dynadot,,,29/09/2026 02:29
7178bb82-c0fb-4207-b813-756d7496e9d8,floodwaters.schule,available,28.99,28.99,medium,low,11,namesilo,,,21/09/2026 03:37
e03bdbdb-8c96-4a6b-8133-ec0f95455320,coaches.schule,available,28.99,28.99,high,low,7,namesilo,,,20/09/2026 07:46
af313ed3-04b4-4c5f-8ebb-85d46efd20ea,longford.schule,available,10.92,23.76,medium,low,8,dynadot,,,02/10/2026 09:02
d1e13128-412a-46b5-9e01-a741cf9901d1,annelid.schule,available,19.99,41.99,medium,low,7,name.com,,,
5d54ebb8-5c35-4d94-ac10-b25364307e04,chimneys.schule,available,22.2,22.2,medium,low,8,cloudflare,,,02/10/2026 13:29
8f31b776-f192-449f-9e3b-b7de9c2e1291,informer.schule,available,29.98,32.98,high,low,8,namecheap,,,23/09/2026 11:26
e2a86769-2412-4bfe-a5f9-49f75fb1be7a,zoned.schule,available,29.98,32.98,high,low,5,namecheap,,,01/10/2026 22:40
4ecd2aec-906f-44ad-82ff-858e3282c196,pei.schule,available,22.2,22.2,medium,low,3,cloudflare,,,28/09/2026 14:30
efce0c77-173e-4f17-b2ad-a9abd8ea1ecc,kanagawa.schule,available,28.99,28.99,medium,low,8,namesilo,,,30/09/2026 05:13
c677243d-bae3-4321-8cb0-a5126bfc62c1,dank.schule,available,19.99,41.99,high,low,4,name.com,,,12/08/2026 09:24
43fadc19-9b0d-4c9f-b86e-6b12165853cc,mutative.schule,available,28.99,28.99,medium,low,8,namesilo,,,03/09/2026 11:48
3bed3c1c-c13d-454c-851c-65ee53113192,coarse.schule,available,19.99,41.99,medium,low,6,name.com,,,12/08/2026 13:56
17c9ab07-44d7-4d14-ac52-b09bad73d81a,sufi.schule,available,28.99,28.99,high,low,4,namesilo,,,11/09/2026 01:14
6ce32cbc-0d04-4b2b-8bcb-261a537a86fc,dynamite.schule,available,29.98,32.98,high,low,8,namecheap,,,25/09/2026 22:28
33c134a5-740a-40e2-b1dd-6efe6975693f,sentences.schule,available,29.98,32.98,medium,low,9,namecheap,,,16/09/2026 20:11
5c50df22-0074-4874-9af6-cc08602c4794,floor.schule,available,28.99,28.99,high,low,5,namesilo,,,08/09/2026 02:52
3ca0ec8a-4b19-4aa5-b80c-5db3cc3d9219,mesmerized.schule,available,19.99,41.99,high,low,10,name.com,,,17/08/2026 22:50
dfad7a79-b439-4528-ae10-c160b046a4ea,mysterious.schule,available,28.99,28.99,high,low,10,namesilo,,,24/09/2026 03:42
89afe1ba-aa30-4b1c-a3ba-4b2a3d29b1d1,ask.schule,available,28.99,28.99,high,medium,3,namesilo,,,30/09/2026 05:26
201a732d-0ac8-437a-9119-b212aee5e663,master.schule,available,28.99,28.99,high,low,6,namesilo,,,25/09/2026 17:15
624961b6-7649-47bc-8fba-c5c9d1287fd3,wire.schule,available,28.99,28.99,high,low,4,namesilo,,,29/09/2026 05:42
797a380c-5d1e-4ffd-b484-6855b3a42db1,enteral.schule,available,19.99,41.99,medium,low,7,name.com,,,17/08/2026 09:55
b8f942ff-c509-45cc-b516-5df4d0b8a815,ghent.schule,available,28.99,28.99,medium,low,5,namesilo,,,27/09/2026 04:10
df1b3fb1-1e9e-4636-b9fe-e02af64fb9ff,iodized.schule,available,19.99,41.99,medium,low,7,name.com,,,22/08/2026 09:18
99f4cf47-957c-4111-9728-e46897a46f51,cheeses.schule,available,22.2,22.2,high,low,7,cloudflare,,,01/10/2026 23:44
987eb42b-2232-4a95-95d3-06178910f50d,goldbrick.schule,available,19.99,41.99,medium,low,9,name.com,,,20/08/2026 16:29
3c569059-bbcd-42f6-a634-2a9db5aafce9,televised.schule,available,28.99,28.99,high,low,9,namesilo,,,21/09/2026 05:39
cbb20b5c-47bc-4ac9-9527-4be0f035abe5,amplifies.schule,available,19.99,41.99,medium,low,9,name.com,,,17/09/2026 20:54
3ea6698d-5e7b-43d6-8099-7c46319f3c53,freedom.schule,available,10.92,23.76,high,medium,7,dynadot,,,29/09/2026 18:30
d8e74d33-ed6a-40bf-8a7f-88253a577d6e,mysticism.schule,available,22.2,22.2,medium,low,9,cloudflare,,,03/10/2026 01:41
465fab3f-ada2-4ef9-97e3-900830e09cc9,etc.schule,premium,118.8,118.8,high,low,3,namesilo,,,
37ae2d2b-27a4-493e-85f8-8d6479d3155c,irrational.schule,available,29.98,32.98,high,low,10,namecheap,,,25/09/2026 11:23
d0c6250e-be45-4211-a2d3-4197abd29b08,curtain.schule,available,29.98,32.98,high,low,7,namecheap,,,29/09/2026 13:08
a6da96ba-f17d-4bbc-a1e9-90dbd3dbcd0e,intoxication.schule,available,28.99,28.99,medium,low,12,namesilo,,,02/10/2026 11:06
6f50d7c7-6aac-4ebe-8bdb-f85598b65261,dose.schule,available,22.97,22.97,high,low,4,spaceship,,,29/09/2026 00:13
4da9b179-5feb-42da-a11a-fbd8c41c331c,timber.schule,available,22.2,22.2,high,low,6,cloudflare,,,28/09/2026 19:46
2242512d-a710-42d2-9a5d-1254c63c9256,andi.schule,available,10.81,23.17,high,low,4,porkbun,,,02/10/2026 20:02
e98d955a-5ae0-4a6a-ba0c-5acd5240a0bd,witchcraft.schule,available,28.99,28.99,high,low,10,namesilo,,,28/09/2026 11:06
d415a4f0-3554-4bbd-9446-09e7abac6998,beefeater.schule,available,29.98,32.98,medium,low,9,namecheap,,,23/09/2026 01:09
8b8d793f-1f47-4ef7-bde6-a91e54999426,chapel.schule,available,28.99,28.99,high,low,6,namesilo,,,28/09/2026 01:39
1b872468-a6e9-4bca-b59a-954d5798b1cb,isdn.schule,available,28.99,28.99,high,low,4,namesilo,,,02/10/2026 17:17
7ff90c25-bfb7-4356-a524-1fcf45e9fcfe,breathtaking.schule,available,28.99,28.99,high,low,12,namesilo,,,01/10/2026 10:31
218be823-6752-4d96-9845-9c45f8d227d6,bleriot.schule,available,28.99,28.99,medium,low,7,namesilo,,,24/09/2026 06:04
118d1b3e-4fca-4846-9ae7-f251b076901e,cathy.schule,available,29.98,32.98,high,low,5,namecheap,,,17/09/2026 16:36
4b27296d-98dd-42c4-8af0-e013f7742763,kandy.schule,available,10.81,23.17,high,low,5,porkbun,,,02/10/2026 05:33
257338ff-bc33-4077-902a-df525df335a1,dump.schule,available,28.99,28.99,high,low,4,namesilo,,,25/09/2026 05:01
c5e9def7-fe81-4983-940d-ceacc664899d,labeled.schule,available,19.99,41.99,high,low,7,name.com,,,22/08/2026 17:13
bdeeca9b-4247-44a5-8ab6-4b15e5d88e3b,homey.schule,available,19.99,41.99,high,low,5,name.com,,,21/08/2026 11:06
ec36032b-37c0-4ec0-ae89-87050375a65f,indentured.schule,available,19.99,41.99,medium,low,10,name.com,,,06/08/2026 08:34
77183ed4-8114-4104-8404-47c18ccb9b35,pessimistic.schule,available,28.99,28.99,medium,low,11,namesilo,,,02/10/2026 17:42
c178ec34-bf0b-451a-8177-f7a78832a9ed,sheath.schule,available,22.97,22.97,high,low,6,spaceship,,,02/10/2026 04:24
36160e36-9639-45db-8ffe-edacb08ace66,integrity.schule,available,10.81,23.17,high,medium,9,porkbun,,,27/09/2026 14:20
dfee5a81-804b-4084-bbf5-2d3ef26d744c,richmond.schule,available,10.92,23.76,high,low,8,dynadot,,,29/09/2026 07:18
ce0bfde6-9937-4be5-9f39-dae5e4bd7a03,prognosis.schule,available,28.99,28.99,high,low,9,namesilo,,,30/09/2026 09:42
df8d202a-07f1-4d06-ab4a-60ee8b2c2818,headaches.schule,available,22.97,22.97,low,low,9,spaceship,,,29/09/2026 06:01
cef24fbe-9386-4294-a9e8-650c84738b0e,shaped.schule,available,19.99,41.99,high,low,6,name.com,,,25/08/2026 03:44
95147c08-c1f2-43a5-b42f-09158e58f841,accession.schule,available,28.99,28.99,high,low,9,namesilo,,,16/09/2026 22:09
2241c424-ce26-4d27-a51d-3b170d22598a,quaternity.schule,available,19.99,41.99,medium,low,10,name.com,,,
a660b16e-6371-4f27-b4ad-df94fdb4f500,pecuniary.schule,available,19.99,41.99,medium,low,9,name.com,,,25/08/2026 04:35
2fc0f386-8b0d-4b37-b2ea-00aafb3ff3cc,aidan.schule,available,28.99,28.99,high,low,5,namesilo,,,29/09/2026 15:22
7d59a30f-1c26-47e2-9e3d-436fbc9b6cce,marietta.schule,available,28.99,28.99,high,low,8,namesilo,,,28/09/2026 04:02
8c3be043-a8bc-4e28-86dd-979d5363bb26,steele.schule,available,22.97,22.97,high,low,6,spaceship,,,28/09/2026 10:56
56890410-d1a7-42a8-b5f9-8ffb28a0542d,canberra.schule,available,28.99,28.99,high,low,8,namesilo,,,21/09/2026 04:47
6379df01-4d95-4195-980d-4280ee693664,amazing.schule,available,28.99,28.99,high,low,7,namesilo,,,22/09/2026 03:51
67ee1763-f233-4fcf-8582-e810bb06a8f6,assign.schule,available,28.99,28.99,high,low,6,namesilo,,,21/09/2026 02:19
0badbbec-ea4e-4a87-8064-cd7cb400f6d3,vernon.schule,available,22.2,22.2,high,low,6,cloudflare,,,28/09/2026 15:42
40d631b5-118c-48f5-a2d0-f543aa1f0b44,breckinridge.schule,available,28.99,28.99,medium,low,12,namesilo,,,29/09/2026 15:54
92713008-85a0-4913-9b7a-ce9fe5cc427e,millimeter.schule,available,22.97,22.97,high,low,10,spaceship,,,30/09/2026 18:02
e1c9e108-1f4d-4e5d-b139-123f90129969,liberally.schule,available,19.99,41.99,medium,low,9,name.com,,,14/09/2026 21:12
391ff91f-73e2-4ef9-b211-29319bbd873a,fleecy.schule,available,19.99,41.99,medium,low,6,name.com,,,18/08/2026 07:42
f4ac93a0-7169-435e-9d48-3bab06755cbb,stared.schule,available,28.99,28.99,medium,low,6,namesilo,,,18/09/2026 02:18
dc5bec6a-f8d4-4f8e-a136-98c16d84f3a4,shankar.schule,available,28.99,28.99,medium,low,7,namesilo,,,29/09/2026 13:44
0556e035-1f2c-4100-92ec-46bb1d655ef7,zillion.schule,available,29.98,32.98,high,low,7,namecheap,,,11/09/2026 19:50
fd7df688-536b-41ac-ac70-5c46c7ab6538,beerbohm.schule,available,28.99,28.99,medium,low,8,namesilo,,,23/09/2026 01:47
1bcc18f9-2fe5-4f56-a338-13dc313f29ac,rudimentary.schule,available,10.81,23.17,high,low,11,porkbun,,,01/10/2026 13:29
89bc7496-9f57-4350-899c-ab654672ff65,clive.schule,available,28.99,28.99,high,low,5,namesilo,,,22/09/2026 07:05
6a6775ef-efb8-44d9-b76e-02de79245ef0,wives.schule,available,19.99,,medium,low,5,name.com,,,
368223d2-92c3-43fd-8b34-92b4ea120fad,blest.schule,available,19.99,41.99,medium,low,5,name.com,,,10/08/2026 14:15
e0d430e0-c130-4716-8ed7-bcf4091b151a,therapist.schule,available,49.99,49.99,high,low,9,godaddy,,,28/09/2026 02:06
e2670a5a-f6e2-43aa-a764-0e81c7bf4567,cruiser.schule,available,22.97,22.97,medium,low,7,spaceship,,,28/09/2026 18:32
806b265d-8a89-47d6-be3a-ab129065ccd0,unaccented.schule,available,28.99,28.99,medium,low,10,namesilo,,,11/09/2026 23:32
8a967a09-cf16-4f84-be1f-299f90def91a,transports.schule,available,29.98,32.98,medium,low,10,namecheap,,,20/09/2026 13:26
f99f64d9-1571-4d9f-ad81-e8edd5590794,homework.schule,available,22.97,22.97,high,low,8,spaceship,,,28/09/2026 06:00
0aa5f3f2-db6c-4c81-86fa-fa0a17f947d9,conceived.schule,available,10.81,23.17,medium,low,9,porkbun,,,28/09/2026 22:54
2b724720-1c4a-4d1e-9fd9-3b0ed117703d,sonsie.schule,available,19.99,41.99,medium,low,6,name.com,,,10/08/2026 20:34
f5b4b104-add7-4d98-b664-3dcf4c7bcbc6,anaglyphic.schule,available,19.99,41.99,medium,low,10,name.com,,,
455b266b-0ee3-47fd-9db6-0aa310661eaa,voracious.schule,available,19.99,41.99,medium,low,9,name.com,,,15/08/2026 06:15
2898662e-14f7-44ed-aa5a-48bb20af8c84,monotonous.schule,available,19.99,41.99,medium,low,10,name.com,,,25/08/2026 05:30
77b2eda2-4048-423b-8e09-d932f2c69d95,unbearable.schule,available,28.99,28.99,medium,low,10,namesilo,,,25/09/2026 10:28
d2f26126-e046-4763-a568-0ffbeba25af1,rate.schule,available,28.99,28.99,high,low,4,namesilo,,,24/09/2026 13:46
95a6e8e2-edb6-417d-843a-e302938d58dc,losses.schule,available,28.99,28.99,medium,low,6,namesilo,,,28/09/2026 10:16
1daf34e7-a5a3-49e8-ac55-842f995334f8,undisciplined.schule,available,22.97,22.97,medium,low,13,spaceship,,,01/10/2026 06:56
e10e63e5-6d7a-4e10-b235-189ff99bcb87,bistro.schule,available,28.99,28.99,high,low,6,namesilo,,,23/09/2026 22:13
c22b2946-4478-4f03-8ec8-a5e52d89a0ee,euphonic.schule,available,19.99,41.99,high,low,8,name.com,,,17/08/2026 14:13
4ef09adf-61e7-443f-ba8b-1fb1a453dfc3,stretch.schule,available,29.98,32.98,high,low,7,namecheap,,,21/09/2026 20:13
809cc60c-697a-473a-9af9-691a7076ae2f,pants.schule,available,28.99,28.99,high,low,5,namesilo,,,24/09/2026 06:17
e26a6ba1-43a8-4b2c-89e9-0e4c2cb235a9,garret.schule,available,19.99,41.99,medium,low,6,name.com,,,07/08/2026 15:51
93dc7cbf-29df-4754-b681-a6fb5839fbfc,productions.schule,available,28.99,28.99,medium,low,11,namesilo,,,30/09/2026 00:05
d6f01af4-8128-44a7-9490-a6ec6e775933,food.schule,available,28.99,28.99,high,medium,4,namesilo,,,01/10/2026 22:52
cb099238-ad2e-4868-8347-e29594e9c65e,parted.schule,available,28.99,28.99,medium,low,6,namesilo,,,08/09/2026 01:57
79f7cdb2-390f-40a9-8cc4-0d11d2c8d88f,insomnia.schule,available,22.2,22.2,high,low,8,cloudflare,,,29/09/2026 13:08
559e92ac-60e1-47f0-b5b6-990187ecaeed,breaches.schule,available,28.99,28.99,medium,low,8,namesilo,,,02/10/2026 14:22
8306b52a-a86e-4d69-a7b5-7373a4f576f0,helm.schule,available,22.2,22.2,high,medium,4,cloudflare,,,28/09/2026 19:26
aff03a33-e1f6-4384-bfce-b6aff25d0f88,habitable.schule,available,19.99,41.99,high,low,9,name.com,,,20/08/2026 21:25
f2a6282d-3dc9-43e3-b5a1-5a25588f3365,rotc.schule,available,10.81,23.17,high,low,4,porkbun,,,29/09/2026 02:02
f2c840cb-4f50-42b4-a2c6-812f59028549,puzzle.schule,available,29.98,32.98,high,medium,6,namecheap,,,21/09/2026 17:28
284130e5-e821-47e8-b303-3f365629ec54,jordanian.schule,available,19.99,41.99,high,low,9,name.com,,,22/08/2026 14:01
32973b5a-86eb-4b43-9b9b-0789319c0137,departing.schule,available,22.97,22.97,high,low,9,spaceship,,,29/09/2026 14:42
6be5bd2a-54fb-4267-98d5-8f71b61b7094,satyrical.schule,available,28.99,28.99,medium,low,9,namesilo,,,09/09/2026 21:57
eac2db0f-4523-454a-9144-0b6ce16ad5eb,drake.schule,available,10.92,23.76,high,low,5,dynadot,,,29/09/2026 18:43
74caeb7f-d63a-4ef9-ace7-89744cf57d85,crunch.schule,available,29.98,32.98,high,low,6,namecheap,,,24/09/2026 19:53
180cbd9d-86c8-4470-bd58-18bb166702c8,shampoo.schule,available,29.98,32.98,high,low,7,namecheap,,,30/09/2026 02:51
38b98bd6-f7bb-4b88-937e-2ca40847c1c2,keyes.schule,available,10.81,23.17,medium,low,5,porkbun,,,28/09/2026 16:42
3b477b88-53ec-4a78-ba14-fe5ea7f44bfc,stabilizer.schule,available,10.92,23.76,high,low,10,dynadot,,,03/10/2026 02:10
0d8dfd4a-f8cc-4a88-a45d-0941794e36b2,iraqi.schule,available,19.99,41.99,high,low,5,name.com,,,22/08/2026 09:35
bd6782f6-3c04-4538-ae6e-3a9457c70ede,cognitive.schule,available,19.99,41.99,high,low,9,name.com,,,12/08/2026 15:58
8a9d44af-cdbf-49b9-b5b8-046f4ed2fab2,hellish.schule,available,19.99,41.99,medium,low,7,name.com,,,09/08/2026 04:59
38a2031e-1bdd-4bb9-8bc0-3765554e6077,smallest.schule,available,28.99,28.99,medium,low,8,namesilo,,,28/09/2026 17:15
9543e41f-30ce-4fa6-86e4-6a2e975f3caa,playback.schule,available,28.99,28.99,high,low,8,namesilo,,,29/09/2026 13:42
be7f6a38-b814-44c6-b163-3f8f935e3ee7,maastricht.schule,available,28.99,28.99,medium,low,10,namesilo,,,29/09/2026 22:00
a27ef935-d27c-4431-b69d-264979357efe,secure.schule,available,28.99,28.99,high,medium,6,namesilo,,,01/10/2026 03:45
baa5e733-b032-457c-a7e0-6419c67c2dae,surprised.schule,available,22.2,22.2,high,low,9,cloudflare,,,28/09/2026 02:04
796536cc-af1f-4957-b3aa-73445ec06da5,payable.schule,available,19.99,41.99,high,low,7,name.com,,,12/08/2026 16:58
33023f50-c332-4965-b4a3-95d4955f30fb,bendable.schule,available,19.99,41.99,medium,low,8,name.com,,,09/08/2026 14:07
ffd43098-7d25-41b2-8f6c-474e60799ed3,lefty.schule,available,22.97,22.97,high,low,5,spaceship,,,02/10/2026 05:35
0a7343b1-3348-4322-8533-3c2926db3bf2,urges.schule,available,28.99,28.99,medium,low,5,namesilo,,,16/09/2026 09:15
51d875f8-c9d0-4e4b-ae38-37f00c80182a,potsdam.schule,premium,102.67,102.67,high,low,7,spaceship,,,27/09/2026 15:23
3c23fcd9-869d-4fbe-b140-7ac6c9caf698,empathic.schule,available,19.99,41.99,high,low,8,name.com,,,16/08/2026 16:41
1dd3f20f-a96c-4349-8ce2-880515aee48e,gaming.schule,available,22.2,22.2,high,low,6,cloudflare,,,29/09/2026 20:33
eb8e2993-fc74-4764-83f7-897d44fcda12,hickey.schule,available,22.97,22.97,medium,low,6,spaceship,,,02/10/2026 05:14
d83556ef-a9f2-4036-8661-cad96b0f0838,width.schule,available,29.98,32.98,high,low,5,namecheap,,,30/09/2026 03:06
cf3befda-9bdb-4de7-8713-f445fa26f602,skanky.schule,available,19.99,41.99,medium,low,6,name.com,,,14/08/2026 10:49
2fd105fe-0afa-4857-81e8-3ab8525262d4,freaks.schule,available,28.99,28.99,medium,low,6,namesilo,,,30/09/2026 00:34
2d79adb3-741b-45e4-a29c-b1a7eac085bf,romish.schule,available,28.99,28.99,medium,low,6,namesilo,,,05/09/2026 01:30
a4048d2a-7b2e-47ba-8c02-690a7e6c97ab,astral.schule,available,19.99,41.99,high,low,6,name.com,,,07/08/2026 09:57
877cc550-f35a-4a12-9bdf-35d961f5e3ee,pacifier.schule,available,28.99,28.99,high,low,8,namesilo,,,21/09/2026 13:07
abfcab99-a4f5-4994-a013-73a32f263d58,extravert.schule,available,19.99,41.99,high,low,9,name.com,,,17/08/2026 19:28
283d94fa-45b4-4737-99e2-3e5a3bf5d99e,judgement.schule,available,22.2,22.2,high,low,9,cloudflare,,,30/09/2026 01:01
4badceba-93a1-411a-8c7f-1d40321e9744,wolfsbane.schule,available,28.99,28.99,medium,low,9,namesilo,,,17/09/2026 02:06
4e02ee39-c9f9-48b1-9a4e-b8feeb085ced,jinnah.schule,available,28.99,28.99,medium,low,6,namesilo,,,02/10/2026 15:52
1ac1be48-367c-4504-a860-06a5d3b04e04,veal.schule,available,22.2,22.2,medium,low,4,cloudflare,,,30/09/2026 14:19
14a747ef-ba70-4de5-a9f0-ec123d32e21b,untasted.schule,available,29.98,32.98,medium,low,8,namecheap,,,12/09/2026 21:05
81af0715-5d7f-4ba9-8b9c-3f5e9dea1ff4,afc.schule,available,22.97,22.97,high,low,3,spaceship,,,28/09/2026 16:17
a7c4c9c0-e453-4fe9-8721-9f75cd91e66c,describe.schule,available,29.98,32.98,high,low,8,namecheap,,,25/09/2026 12:37
c69bbd65-4a9b-4666-9582-cddf4c4eb273,mmm.schule,available,22.97,22.97,high,low,3,spaceship,,,02/10/2026 17:34
276774ab-9bdf-4dec-bf08-c0ef9a46ca03,wistful.schule,available,28.99,28.99,high,low,7,namesilo,,,13/09/2026 12:45
40c69451-b898-463a-a2c8-43f4d69fad1b,vibration.schule,available,29.98,32.98,high,low,9,namecheap,,,19/09/2026 17:28
e4fde0fe-2a57-4164-b7e3-7719a011f486,swosh.schule,available,28.99,28.99,medium,low,5,namesilo,,,11/09/2026 05:50
b0761974-141c-45d6-926f-968c97b2876d,limbs.schule,available,22.97,22.97,medium,low,5,spaceship,,,29/09/2026 04:58
4455294b-673a-4cfb-bc62-d3df91dfc1dd,hem.schule,available,29.98,32.98,medium,low,3,namecheap,,,17/09/2026 20:18
df4b1850-2aee-42bf-8a47-634c7ce70941,centerpiece.schule,available,28.99,28.99,high,low,11,namesilo,,,01/10/2026 06:15
ffe22084-26f3-456f-9fde-19f69092ad95,mtdna.schule,available,22.97,22.97,high,low,5,spaceship,,,01/10/2026 15:59
e7ab4f2b-0f5c-4f7b-9c66-8016a7b99b78,aphasia.schule,available,28.99,28.99,medium,low,7,namesilo,,,19/09/2026 16:53
54505e83-e3be-4a2f-aecb-aa0819cf1d7b,disuse.schule,available,29.98,32.98,medium,low,6,namecheap,,,24/09/2026 23:14
f4ca5f50-dd11-411c-a90f-3abde7ffdc05,crawler.schule,available,28.99,28.99,high,low,7,namesilo,,,19/09/2026 06:39
64feceb6-742e-435b-b3ca-4b9ade403991,dances.schule,available,19.99,,high,low,6,name.com,,,
754379b2-8232-423c-8588-ef5310d36cd3,june.schule,available,22.2,22.2,high,low,4,cloudflare,,,30/09/2026 01:07
9bf8a885-1171-429a-89c1-ce569c262f06,sissy.schule,available,19.99,41.99,medium,low,5,name.com,,,12/08/2026 08:45
775379d6-c0b9-42a9-a772-ff834bf40a18,commissioner.schule,available,22.97,22.97,high,low,12,spaceship,,,27/09/2026 17:50
a3a5b224-c3eb-426a-bc27-b0755c072de1,wake.schule,available,28.99,28.99,high,low,4,namesilo,,,22/09/2026 14:42
46f64c35-ccaa-439b-94f9-47bd1fee600e,aerie.schule,available,,,high,medium,5,,,,
4f8e7809-c1d3-493e-a7ab-c42870ef4136,aviary.schule,available,28.99,28.99,high,low,6,namesilo,,,21/09/2026 09:22
e31f1bea-92be-4b24-932c-1462e052ccd5,wool.schule,available,22.97,22.97,high,low,4,spaceship,,,28/09/2026 10:46
247d577a-77f5-4c1e-864f-baaff6eed3ac,scourge.schule,available,19.99,41.99,medium,low,7,name.com,,,18/08/2026 06:16
e0e14b1c-1cc7-492f-af98-04c3d33e5f32,freeway.schule,available,29.98,32.98,high,low,7,namecheap,,,29/09/2026 18:44
53f4c7d9-5aad-4063-bcbc-6ce4e4425f9e,unpassable.schule,available,19.99,41.99,medium,low,10,name.com,,,21/08/2026 21:49
50577dfc-f8e5-4c07-95bc-f351da959a49,astern.schule,available,19.99,41.99,medium,low,6,name.com,,,
b334d8a1-ebf4-43dc-a55e-2266ce582d19,elegiac.schule,available,19.99,41.99,medium,low,7,name.com,,,16/08/2026 03:28
9cc6fe64-5ce1-4c6d-b78c-83539b4c4558,seize.schule,available,29.98,32.98,high,low,5,namecheap,,,23/09/2026 20:08
267bf2f6-9e91-4805-8673-9bcfbbc24f53,lonely.schule,available,22.97,22.97,high,low,6,spaceship,,,28/09/2026 09:45
828f8cd9-6a2b-4b7f-b0f1-b81dfbe0ee81,alluvium.schule,available,29.98,32.98,medium,low,8,namecheap,,,18/09/2026 12:20
0905ecaf-8554-4896-a6ad-ca232e4e8c3c,hackensack.schule,available,10.81,23.17,medium,low,10,porkbun,,,30/09/2026 05:39
61c7fc31-15db-407e-a6a9-63988295c110,executor.schule,available,28.99,28.99,high,low,8,namesilo,,,01/10/2026 01:58
6ca181b9-ce45-4f97-8c75-1c3a912547e3,siege.schule,available,28.99,28.99,high,low,5,namesilo,,,23/09/2026 04:50
43a4ddc9-2f32-4503-a915-5b74bc5c3a9e,plunge.schule,available,29.98,32.98,high,low,6,namecheap,,,10/09/2026 19:52
09bb0e7e-776a-4e28-bb7d-7855be1f32f0,amit.schule,available,22.97,22.97,high,low,4,spaceship,,,02/10/2026 19:09
2c094382-482e-4756-aa5d-5e3c983b3e22,embarked.schule,available,22.2,22.2,medium,low,8,cloudflare,,,02/10/2026 02:37
a157fd0c-b2b4-4ae7-b3fb-0744531577d3,polygenic.schule,available,28.99,28.99,medium,low,9,namesilo,,,08/09/2026 23:15
43b0ca4f-2800-4517-ac98-052a9e75e59d,ragweed.schule,available,29.98,32.98,medium,low,7,namecheap,,,23/09/2026 08:50
e0cd5991-0b9d-4079-bf6d-315b23cc09d9,navigational.schule,available,28.99,28.99,medium,low,12,namesilo,,,01/10/2026 06:02
dbe538db-80b9-4a7c-8566-ae0ef9e4ddf5,sank.schule,available,29.98,32.98,medium,low,4,namecheap,,,29/09/2026 16:38
73df2baf-8882-4fde-aadb-998c0ae4aacf,psu.schule,available,28.99,28.99,high,low,3,namesilo,,,02/10/2026 07:40
ac7d67c3-396c-40bd-aa12-a12895e47299,petar.schule,available,29.98,32.98,medium,low,5,namecheap,,,03/10/2026 03:56
034b2fec-97f3-493b-bef3-668bb0f0e1c7,remake.schule,available,22.2,22.2,high,low,6,cloudflare,,,30/09/2026 10:58
906cf67b-8b53-4325-903c-b0ccf9937fb6,discordant.schule,available,19.99,41.99,medium,low,10,name.com,,,14/08/2026 10:00
8b9add1c-1bf2-4d8f-86b9-05f3ca47b831,walsall.schule,available,22.97,22.97,medium,low,7,spaceship,,,02/10/2026 20:19
ce8cef10-acd6-40e2-9c65-311f50eccdd2,visionary.schule,available,28.99,28.99,high,low,9,namesilo,,,13/09/2026 06:13
259f5d43-b8b7-4de5-bd94-9320b35f0457,comb.schule,available,28.99,28.99,high,low,4,namesilo,,,24/09/2026 16:22
bfd65706-9f94-40f7-9538-24fbf887bde1,allotrope.schule,available,28.99,28.99,medium,low,9,namesilo,,,18/09/2026 12:06
9f09d534-f6bf-45f1-a41a-61fce462df53,perilous.schule,available,28.99,28.99,medium,low,8,namesilo,,,08/09/2026 01:42
d72f3c15-3164-4f52-89f8-14a7d09b58f9,barking.schule,available,29.98,32.98,medium,low,7,namecheap,,,28/09/2026 11:18
512a4a46-0fc3-4018-8b55-42d842105daa,rossi.schule,available,28.99,28.99,high,low,5,namesilo,,,27/09/2026 01:41
0f442cea-53b4-4e1a-8721-98c409bb2b14,incubator.schule,available,22.97,22.97,high,low,9,spaceship,,,30/09/2026 08:50
f70e82c5-4626-49ee-aef9-4c22528fbba7,surging.schule,available,19.99,41.99,high,low,7,name.com,,,09/08/2026 21:44
79dd5bf5-c5bc-41f8-93e3-88b329c15f84,indication.schule,available,28.99,28.99,high,low,10,namesilo,,,24/09/2026 21:52
10e82546-cafd-496b-ac11-e2ea64bc286c,neurological.schule,available,22.97,22.97,medium,low,12,spaceship,,,29/09/2026 16:30
a92ecb98-6ee1-4353-8d76-a7e3134dbc56,kneel.schule,available,28.99,28.99,high,low,5,namesilo,,,30/09/2026 10:21
cfcf18d0-4d28-4cfb-823d-ec4e382c123a,burmese.schule,available,19.99,41.99,high,low,7,name.com,,,11/08/2026 10:42
53e4d4ae-c0ad-4aa0-9270-bef2ac675ed0,scouts.schule,available,28.99,28.99,high,low,6,namesilo,,,28/09/2026 04:05
699f8577-9b75-4bd8-bf53-28a224ff74ca,urn.schule,premium,,,high,low,3,,,,30/09/2026 11:16
b9beab36-7ac8-42d4-a38d-2fa0a2d45d7a,demonstrations.schule,available,19.99,,medium,low,14,name.com,,,
1555aea5-94fe-4b62-b2e9-d34e08976414,delphi.schule,available,22.97,22.97,high,low,6,spaceship,,,28/09/2026 09:31
50cffa5e-8f33-42e6-bddc-1857cf0d8f54,goony.schule,available,28.99,28.99,medium,low,5,namesilo,,,23/09/2026 23:48
2816351b-5d8b-4595-b601-84c162d85673,hooke.schule,available,22.2,22.2,medium,low,5,cloudflare,,,02/10/2026 05:21
0516272e-bcb4-4076-9771-c63e4401332f,left.schule,available,28.99,28.99,high,low,4,namesilo,,,25/09/2026 13:25
73afa60f-ceb4-4e77-b55d-86288e8584b0,competitors.schule,available,22.2,22.2,medium,low,11,cloudflare,,,29/09/2026 11:34
23176ea5-4ef9-4ce6-a271-06ec766f3a86,features.schule,available,28.99,28.99,medium,low,8,namesilo,,,28/09/2026 12:52
e1889378-afee-4c0b-8c22-d33178442430,hereby.schule,available,28.99,28.99,high,low,6,namesilo,,,15/09/2026 00:25
46c36769-0e87-45ef-a9f3-fadd820136a5,dig.schule,available,28.99,28.99,high,low,3,namesilo,,,24/09/2026 23:51
1a86715a-ab77-4f1a-9b8b-7816b1404734,hostess.schule,available,28.99,28.99,high,low,7,namesilo,,,17/09/2026 22:27
fa8d57f8-ba37-40d8-a74f-c8bce187a19c,thickness.schule,available,22.97,22.97,high,low,9,spaceship,,,30/09/2026 11:10
cf1ec4c4-881a-4bf7-9ed3-075e38c0bc26,homeowner.schule,available,28.99,28.99,high,low,9,namesilo,,,30/09/2026 10:09
4e7ed7b8-be0c-4693-aa67-dcf949fe0baf,bladed.schule,available,19.99,41.99,medium,low,6,name.com,,,10/08/2026 12:14
172ca340-e600-4e80-abe6-32c70d1a7193,unlabelled.schule,available,28.99,28.99,medium,low,10,namesilo,,,12/09/2026 14:33
5e73cfa9-b6aa-4b7e-9f4b-f4d148e02ff5,lars.schule,available,22.2,22.2,high,low,4,cloudflare,,,29/09/2026 09:31
0a600a0a-1f6a-43b5-a68f-5576b51bf0d6,unbending.schule,available,28.99,28.99,medium,low,9,namesilo,,,12/09/2026 01:48
c5e1f5af-0f65-4931-b93c-6aa67ee3785e,hangman.schule,available,10.92,23.76,high,low,7,dynadot,,,02/10/2026 05:10
85d1408b-798a-4d26-a5fa-9d8652edb5ac,mandelbrot.schule,available,28.99,28.99,medium,low,10,namesilo,,,23/09/2026 08:35
f9003066-69a1-4fd1-9748-4f212836cb46,timestamps.schule,available,28.99,28.99,medium,low,10,namesilo,,,20/09/2026 14:31
737704f6-a483-4ce8-bfc2-c934a501a54f,cutely.schule,available,28.99,28.99,medium,low,6,namesilo,,,14/09/2026 09:59
814ba881-eab8-46d3-a589-d1c969022c98,theron.schule,available,29.98,32.98,medium,low,6,namecheap,,,02/10/2026 10:23
f66ca41f-e7d6-4f43-858e-4e05e8995c71,specialist.schule,available,22.97,22.97,high,low,10,spaceship,,,28/09/2026 02:23
b1214d17-895d-4b2d-b2a8-cc29cc0d2955,collective.schule,available,19.99,41.99,high,medium,10,name.com,,,12/08/2026 17:03
0db3320c-34b1-4fee-91ca-9c25a099a1ee,robbers.schule,available,28.99,28.99,low,low,7,namesilo,,,28/09/2026 23:38
8e3d4cd9-026e-4f6b-9955-2ed1d0b8015b,advil.schule,available,28.99,28.99,medium,low,5,namesilo,,,17/09/2026 11:20
c834a580-dbad-46a5-b78f-323ee7f346f4,mosses.schule,available,29.98,32.98,low,low,6,namecheap,,,29/09/2026 05:08
2176e24d-1641-41bb-83a2-3ab059daafb3,fugacious.schule,available,19.99,41.99,medium,low,9,name.com,,,17/08/2026 10:20
693d3739-6bbb-4876-890c-d3c17f2338f4,lovelace.schule,available,10.92,23.76,high,low,8,dynadot,,,30/09/2026 10:29
b2b92b6e-746d-4364-a238-70d378d374db,unkindly.schule,available,28.99,28.99,medium,low,8,namesilo,,,12/09/2026 14:15
6b59180e-94b4-4566-8053-f41b074302dd,catechu.schule,available,29.98,32.98,medium,low,7,namecheap,,,16/09/2026 20:04
8630bbaf-8eaa-4d1f-bde5-f2b62d45dfdb,blithely.schule,available,28.99,28.99,medium,low,8,namesilo,,,14/09/2026 00:31
3d0f871d-acca-490a-be69-890a8bb31ead,slacking.schule,available,22.97,22.97,medium,low,8,spaceship,,,29/09/2026 20:57
64352dff-502e-44af-b4d5-fa61ce483851,informal.schule,available,28.99,28.99,high,low,8,namesilo,,,25/09/2026 09:31
09e44eef-7957-4eb5-86d2-eacaab9f757d,middling.schule,available,19.99,41.99,medium,low,8,name.com,,,22/08/2026 13:46
cc05eabe-8917-45a1-8a6b-7790e9d4dadc,alastair.schule,available,28.99,28.99,medium,low,8,namesilo,,,01/10/2026 08:31
f9ab1219-8fa0-4b42-b5c6-b970335152e6,slipped.schule,available,28.99,28.99,high,low,7,namesilo,,,18/09/2026 02:25
d6108d95-7a59-4a5b-a956-4826f867c05b,gramophone.schule,available,28.99,28.99,medium,low,10,namesilo,,,17/09/2026 02:30
92e41b33-5a61-4362-97bf-cc8b41c1974d,metier.schule,available,19.99,41.99,high,low,6,name.com,,,18/08/2026 12:29
106f584b-bca4-4716-beda-c3355e0a4fb4,millstone.schule,available,28.99,28.99,medium,low,9,namesilo,,,18/09/2026 02:29
cdd29454-1f0d-43c8-bfc5-bb897da48580,monrovia.schule,available,28.99,28.99,medium,low,8,namesilo,,,30/09/2026 00:57
70dc3afd-ec95-455b-ade8-ea24ad8103bd,ibf.schule,available,22.97,22.97,medium,low,3,spaceship,,,02/10/2026 00:20
62b68564-0f5f-4af6-89c6-b74e17e6de3f,meteorite.schule,available,22.2,22.2,high,low,9,cloudflare,,,02/10/2026 05:46
78b881fc-3d8a-4408-8c44-478080711019,demented.schule,available,19.99,41.99,medium,low,8,name.com,,,11/08/2026 01:46
e12d528d-40b1-4d1f-9e4e-a87a23504ce3,meat.schule,available,28.99,28.99,high,low,4,namesilo,,,14/09/2026 23:51
cc1e05f3-32d5-4cd7-b220-5dc7babb8aef,diana.schule,available,28.99,28.99,high,low,5,namesilo,,,25/09/2026 22:22
ea8eb73f-0b64-462c-9a9a-5b2afdbb9975,lonnie.schule,available,22.97,22.97,medium,low,6,spaceship,,,30/09/2026 13:21
ab0334ed-b5ca-4daa-b555-51cd65d17f30,cadmium.schule,available,19.99,41.99,high,low,7,name.com,,,11/08/2026 22:59
90bef7b5-ead6-4403-9ab6-9711893fdc69,nightingale.schule,available,22.2,22.2,high,low,11,cloudflare,,,30/09/2026 03:17
87262d40-e6e7-44ed-8bc0-2ec218725c6b,vitaliser.schule,available,28.99,28.99,medium,low,9,namesilo,,,19/09/2026 09:12
cad5ee06-457f-4c4a-86d5-d861b799c53a,thb.schule,available,28.99,28.99,high,low,3,namesilo,,,21/09/2026 14:19
bafba49a-4426-4b11-a1e5-cdbcade0e22d,ripple.schule,available,28.99,28.99,high,low,6,namesilo,,,12/09/2026 08:34
387e17ac-8b98-4cd3-8527-1aad8b2e8a05,trillionaire.schule,available,28.99,28.99,high,low,12,namesilo,,,01/10/2026 22:35
c8e7e9af-61c5-4609-a6a5-66f77299393e,catered.schule,available,19.99,41.99,medium,low,7,name.com,,,20/09/2026 17:04
38d7b141-6cb2-46e8-adb2-84fc64042cd0,panes.schule,available,22.2,22.2,medium,low,5,cloudflare,,,02/10/2026 06:56
7fbec128-8475-4436-ad8f-160b45926fea,vividly.schule,available,29.98,32.98,high,low,7,namecheap,,,16/09/2026 11:06
e9fd788e-924f-4731-8311-6b9509b17196,parkin.schule,available,29.98,32.98,medium,low,7,namecheap,,,17/09/2026 01:13
f85a2056-bc87-4376-9e03-3e7e66cacb27,lui.schule,available,22.97,22.97,medium,low,3,spaceship,,,29/09/2026 15:19
3ddf4d8d-d930-4aef-8022-e53afee54bea,martyr.schule,available,22.97,22.97,high,low,6,spaceship,,,29/09/2026 13:23
dc3d1113-0725-4a70-9e79-0994f0e9670d,abandonment.schule,available,29.98,32.98,medium,low,11,namecheap,,,29/09/2026 22:48
d353bb9e-2bb8-457b-9b3f-580241361514,amplifier.schule,available,29.98,32.98,high,low,9,namecheap,,,18/09/2026 23:40
73006c63-79db-41d3-b084-dfe0074bcb67,asanga.schule,available,28.99,28.99,medium,low,6,namesilo,,,20/09/2026 12:49
c67df615-c224-4807-b811-38100b106f3f,aqueous.schule,available,19.99,41.99,medium,low,7,name.com,,,06/08/2026 10:50
ad38cbc7-5d12-4936-bf79-d024bd3f1a81,tag.schule,premium,118.8,118.8,high,medium,3,namesilo,,,24/09/2026 13:51
6d68e7da-8a23-4a13-9c9f-56d1dd3eab37,vanquish.schule,available,19.99,41.99,high,low,8,name.com,,,09/08/2026 05:32
f2453397-1a5d-4aaa-879c-fb8ebf032be5,storyteller.schule,available,10.92,23.76,high,low,11,dynadot,,,01/10/2026 22:37
81758d87-3d80-4195-8300-3de33a6a32d0,spangly.schule,available,19.99,41.99,medium,low,7,name.com,,,18/08/2026 21:20
cddc6d12-8b0e-4bf4-a6be-1556054728ec,ticklish.schule,available,28.99,28.99,medium,low,8,namesilo,,,11/09/2026 15:33
7d30e163-811d-4bd0-8333-07577fe92510,whispered.schule,available,28.99,28.99,high,low,9,namesilo,,,13/09/2026 11:35
b145db0b-f60c-4468-82ff-8d4d9d652c59,sierra.schule,available,28.99,28.99,high,low,6,namesilo,,,30/09/2026 02:48
9d887cd6-11c5-40e6-ae17-902c30f7a7bb,aimed.schule,available,28.99,28.99,high,low,5,namesilo,,,29/09/2026 10:43
c6df25eb-29bb-4ad7-a1fb-6411d6b4cd20,calcium.schule,available,28.99,28.99,high,low,7,namesilo,,,20/09/2026 22:32
50a8b3a6-edad-446c-8688-48a7291cde33,hydrogen.schule,available,28.99,28.99,high,low,8,namesilo,,,20/09/2026 21:53
2931f970-d57a-4d85-85f7-c79aa80b34a4,nix.schule,available,28.99,28.99,high,low,3,namesilo,,,03/09/2026 22:30
d98d11f2-db6a-438c-bdb2-2cb136b425a3,exhausting.schule,available,19.99,41.99,medium,low,10,name.com,,,14/08/2026 18:21
bb59d5f9-2886-4d59-8df5-c75c61af8e13,footer.schule,available,28.99,28.99,high,low,6,namesilo,,,08/09/2026 12:38
b80088f0-7ec3-4307-ade7-6d5701310b2b,smalley.schule,available,28.99,28.99,medium,low,7,namesilo,,,02/10/2026 16:36
658ac273-d3c7-41d3-93f7-7c7b3d4e7db5,fizzle.schule,available,19.99,41.99,medium,low,6,name.com,,,11/08/2026 11:19
6ff79938-4a59-4d15-bdb4-200e2cbe8a43,just.schule,available,28.99,28.99,high,medium,4,namesilo,,,26/09/2026 00:43
548d6acc-6277-4057-b575-49f146e243e4,liveliness.schule,available,28.99,28.99,high,low,10,namesilo,,,30/09/2026 02:30
a9588c96-88fd-4cf8-9162-20370020e345,premises.schule,available,22.97,22.97,medium,low,8,spaceship,,,28/09/2026 15:06
99a8d35e-0a27-4294-910f-500ec75d163b,commencement.schule,available,28.99,28.99,high,low,12,namesilo,,,02/10/2026 01:17
f4a813ef-765e-4772-a4f1-eaa2e985447e,investors.schule,available,19.99,41.99,high,low,9,name.com,,,
7b6be28a-d38a-4883-a28c-6e712aaa26d1,fills.schule,available,22.97,22.97,medium,low,5,spaceship,,,29/09/2026 11:18
174311a5-7256-4846-a06a-15bb8e56a631,soi.schule,available,10.92,23.76,high,low,3,dynadot,,,30/09/2026 23:57
c07edc12-cc1f-4a50-983e-18fd889289e3,suppress.schule,available,28.99,28.99,medium,low,8,namesilo,,,29/09/2026 00:32
1fa3745b-6eb6-48e3-b8e0-0aac226ecebf,borneo.schule,available,22.2,22.2,medium,low,6,cloudflare,,,01/10/2026 18:45
2aa17ed1-dfee-4a34-a90a-3a67db36ce4d,unreasonable.schule,available,28.99,28.99,medium,low,12,namesilo,,,29/09/2026 08:45
8a021633-d677-4bde-81a9-77837300e641,hurt.schule,available,29.98,32.98,high,low,4,namecheap,,,25/09/2026 06:49
79bfa38a-2a2e-41db-98f8-7b21ef93583c,strings.schule,available,28.99,28.99,high,low,7,namesilo,,,27/09/2026 05:33
ae1a939c-5d8c-4b4c-acfb-c55cf27891eb,heartland.schule,available,22.97,22.97,high,low,9,spaceship,,,02/10/2026 05:11
a2858822-4367-45f7-81ac-b55c1607d501,louie.schule,available,22.97,22.97,high,low,5,spaceship,,,28/09/2026 11:43
6db0408f-5ef0-4906-9dab-36e1ba1ceae8,dateable.schule,available,19.99,41.99,medium,low,8,name.com,,,13/08/2026 18:38
eaf2fb07-7555-4011-9b44-3a4aee70cea4,firearms.schule,available,28.99,28.99,medium,low,8,namesilo,,,28/09/2026 22:59
38a1e520-aab9-4a4a-bc51-ffb363a55532,ballarat.schule,available,28.99,28.99,medium,low,8,namesilo,,,02/10/2026 10:28
1fc760d2-c3d3-49aa-ba14-36dfe6e85f36,shaffer.schule,available,28.99,28.99,high,low,7,namesilo,,,29/09/2026 09:57
17293c16-7e2f-47ff-8fb1-1c50cc413b46,dwight.schule,available,22.97,22.97,medium,low,6,spaceship,,,28/09/2026 07:54
74941533-0188-4d38-b70e-1504c64019cb,flattered.schule,available,10.92,23.76,high,low,9,dynadot,,,29/09/2026 14:41
f04a4d66-49ce-4864-9766-8bde3c2eadfe,larry.schule,available,28.99,28.99,high,low,5,namesilo,,,25/09/2026 12:43
14924a3e-63fb-4bb4-b501-43212bb69680,leads.schule,available,29.98,32.98,high,low,5,namecheap,,,25/09/2026 20:21
136abcb6-d983-43e5-8cd0-f16785bba27f,complications.schule,available,10.92,23.76,low,low,13,dynadot,,,28/09/2026 13:25
e01f34aa-4ad5-4f75-a885-b4c0acd7563c,crucially.schule,available,19.99,41.99,medium,low,9,name.com,,,14/09/2026 09:50
7105f92b-65b9-4dfc-80a8-db1bfd3821b9,presented.schule,available,22.97,22.97,medium,low,9,spaceship,,,28/09/2026 08:35
54036ba0-1cc4-47f9-9942-cf5a29cc4bb9,superfamily.schule,available,28.99,28.99,medium,low,11,namesilo,,,29/09/2026 02:59
9671e67d-9de2-4db8-b49f-a3c9557e9706,abnormalities.schule,available,10.81,23.17,low,low,13,porkbun,,,02/10/2026 12:32
28fd64aa-5c07-4e01-873b-eded9bf832cc,grease.schule,available,22.2,22.2,high,low,6,cloudflare,,,28/09/2026 14:21
d2d18fa8-70cd-4d25-9058-cb016ce8c66c,perce.schule,available,10.92,23.76,medium,low,5,dynadot,,,30/09/2026 12:29
090da8ea-b750-445d-9126-d1c89c77a436,monet.schule,available,10.81,23.17,high,low,5,porkbun,,,29/09/2026 18:23
1308c015-2ada-4ce7-ae53-532d6acf1ad7,peasant.schule,available,19.99,41.99,high,low,7,name.com,,,11/08/2026 07:35
89445d03-e321-4cbc-bae7-2a2580f3a23f,exclusion.schule,available,29.98,32.98,high,low,9,namecheap,,,30/09/2026 17:15
9c821024-8700-4a10-abbd-9378f6339428,iwo.schule,available,22.97,22.97,medium,low,3,spaceship,,,29/09/2026 19:21
3c42811b-f13f-45d2-a6aa-fe52de021be5,armor.schule,available,28.99,28.99,high,low,5,namesilo,,,20/09/2026 07:21
d03ad7e9-76ea-4d36-ad3e-461e91ac25be,independent.schule,available,28.99,28.99,high,low,11,namesilo,,,01/10/2026 00:33
897dad84-b55b-48e3-ac52-aeadcc243a99,aragonite.schule,available,29.98,32.98,medium,low,9,namecheap,,,19/09/2026 23:43
8a29881d-0bd5-454d-9328-64b47aaf5afe,gaa.schule,available,29.98,32.98,high,low,3,namecheap,,,29/09/2026 08:40
f6d3a824-e7da-41ed-9fc4-d81e297bcaaf,groups.schule,available,22.97,22.97,high,low,6,spaceship,,,02/10/2026 20:42
0f5976e0-33b7-4bca-856a-168f0d3ae48d,usb.schule,premium,118.8,118.8,high,low,3,namesilo,,,28/09/2026 03:21
bab3c7cd-b42c-4893-a7f3-558adde5d3ea,scentless.schule,available,28.99,28.99,medium,low,9,namesilo,,,09/09/2026 23:00
7ba6693f-944c-49d7-b0ad-4e4d895e6eb0,antsy.schule,available,19.99,41.99,medium,low,5,name.com,,,05/08/2026 20:27
a99629b1-0b05-44ea-9ea1-d023bb395e37,teeth.schule,available,22.2,22.2,high,low,5,cloudflare,,,30/09/2026 13:01
5267d15d-82ab-4690-b42f-9194e747ef16,hasan.schule,available,10.81,23.17,medium,low,5,porkbun,,,02/10/2026 22:04
1cb65ffd-30be-4a8b-b60f-e38ca2e80c1f,indonesian.schule,available,19.99,41.99,high,low,10,name.com,,,22/08/2026 03:20
ed6b2f1a-48c5-4ac1-9962-98413df28bc4,accelerating.schule,available,28.99,28.99,high,low,12,namesilo,,,01/10/2026 05:05
97b02519-a94b-407b-bdc5-4fc525b39b0a,antipodes.schule,available,29.98,32.98,medium,low,9,namecheap,,,19/09/2026 14:59
1ea06f32-8071-4848-a120-ca76190719de,guessing.schule,available,22.97,22.97,high,low,8,spaceship,,,28/09/2026 13:52
acff5160-041d-4062-b720-e67a69297c4c,maggie.schule,available,28.99,28.99,high,low,6,namesilo,,,25/09/2026 11:56
d15d5204-8ff3-4fc0-9c4e-5d4a9471d88c,barky.schule,available,19.99,41.99,medium,low,5,name.com,,,08/08/2026 19:46
c893cc88-2db3-482d-a071-f546026605e7,liverpool.schule,available,22.97,22.97,high,low,9,spaceship,,,29/09/2026 07:29
224aafc3-40e4-4729-ae88-41a985f82d20,beefburger.schule,available,28.99,28.99,medium,low,10,namesilo,,,23/09/2026 01:04
d01ecf84-d4e4-4f09-a4c1-c3a07ba19942,soundtrack.schule,available,22.97,22.97,high,low,10,spaceship,,,30/09/2026 18:47
5ce47ad2-8dbb-4bc9-86f9-ed9e5ccb088a,susurrous.schule,available,28.99,28.99,medium,low,9,namesilo,,,03/09/2026 11:24
408b3e15-cb5e-484d-ad4b-41d8af245548,bricks.schule,available,19.99,,high,low,6,name.com,,,
cb178c6b-b1ba-4277-ac8a-50ad6f3cc495,tentacles.schule,available,22.97,22.97,medium,low,9,spaceship,,,02/10/2026 03:57
18bda3ef-8dca-4331-91d0-659a30f51822,squirting.schule,available,19.99,41.99,medium,low,9,name.com,,,22/08/2026 13:15
d064ebe6-9da3-4031-ae08-3c7575524700,exobiology.schule,available,29.98,32.98,medium,low,10,namecheap,,,20/09/2026 17:35
e05db123-24d3-461e-a0be-c991dd55094c,alga.schule,available,28.99,28.99,high,low,4,namesilo,,,18/09/2026 06:47
fd948a30-3d2a-468b-8276-1afd9bb3bb9a,roses.schule,available,29.98,32.98,high,low,5,namecheap,,,17/09/2026 21:17
80781b54-dd58-496e-8356-3a82b59653b2,tufted.schule,available,19.99,41.99,medium,low,6,name.com,,,11/08/2026 13:14
d178b5ed-40ac-4b71-94f8-c79bd4e0c79a,samarium.schule,available,28.99,28.99,medium,low,8,namesilo,,,20/09/2026 23:24
95eccc49-62ab-4f74-846c-172c651eefac,impelling.schule,available,19.99,41.99,medium,low,9,name.com,,,21/08/2026 22:04
41e5f662-018c-4c6d-95b8-81f27b796eed,dormie.schule,available,19.99,41.99,medium,low,6,name.com,,,14/08/2026 16:21
f2ce0fd8-7c48-44fd-822a-b247ce697f4e,benton.schule,available,28.99,28.99,high,low,6,namesilo,,,25/09/2026 17:00
575028ff-2e04-4a21-84d5-f036fe768384,bph.schule,available,28.99,28.99,high,low,3,namesilo,,,23/09/2026 08:07
20a5747e-95d4-4c76-9cb7-b6be266aec57,confide.schule,available,10.81,23.17,high,low,7,porkbun,,,30/09/2026 17:46
fd95ffff-051d-47f6-a2a3-f8293129a2fa,kissing.schule,available,29.98,32.98,high,low,7,namecheap,,,24/09/2026 12:56
b47c9229-329e-4a15-a22c-88566dec8948,warning.schule,available,28.99,28.99,high,low,7,namesilo,,,13/09/2026 08:25
fe1e5f5d-1c6c-480d-a034-babef34897aa,jericho.schule,available,22.97,22.97,high,low,7,spaceship,,,30/09/2026 10:18
06fd7bcb-128f-437f-a07b-ce46e50f4e02,gutless.schule,available,19.99,41.99,medium,low,7,name.com,,,20/08/2026 21:12
06706af9-29d0-47fb-8008-7121af155092,display.schule,available,22.2,22.2,high,low,7,cloudflare,,,01/10/2026 21:16
1e53c5ff-68ef-4ec1-8c20-c7ea798802a0,zipper.schule,available,22.97,22.97,high,low,6,spaceship,,,01/10/2026 03:44
cd59a7d8-ba1b-4ab2-8e6f-02c88f4dbd1a,paradigm.schule,available,22.2,22.2,high,low,8,cloudflare,,,02/10/2026 15:00
e61b740a-a0cc-4472-8773-c0d4bc1a8375,aplysia.schule,available,29.98,32.98,medium,low,7,namecheap,,,19/09/2026 17:53
43b9bfbf-c1c1-4683-a9ef-b81eaebf4c4c,tomb.schule,available,22.97,22.97,medium,low,4,spaceship,,,27/09/2026 16:05
a05bb04f-fbf8-4b7e-8287-7eac7f558436,impute.schule,available,28.99,28.99,medium,low,6,namesilo,,,21/09/2026 02:18
544d7896-7be7-4ca1-9ea1-c32fa80e1bfb,hieroglyph.schule,available,19.99,41.99,medium,low,10,name.com,,,21/08/2026 08:33
55c1901c-9325-4066-9b59-94662b8293b7,due.schule,premium,38.94,38.94,high,low,3,namesilo,,,22/09/2026 09:27
97351094-05a2-4fcd-8ced-ff3d5f3f078e,stampede.schule,available,22.97,22.97,high,low,8,spaceship,,,30/09/2026 11:05
0514f912-8fd5-4504-825f-7d451b269c1c,fasting.schule,available,19.99,41.99,high,low,7,name.com,,,17/08/2026 23:03
ec6f8d4e-5c07-42b2-b268-2192e2462230,sponsoring.schule,available,22.97,22.97,medium,low,10,spaceship,,,01/10/2026 18:41
0b77b4da-5b52-42d5-8a58-5fa70fb7fb62,briary.schule,available,19.99,41.99,medium,low,6,name.com,,,08/08/2026 17:02
389845e4-3169-4f21-a68d-18e5c70d5939,paneled.schule,available,19.99,41.99,medium,low,7,name.com,,,05/09/2026 00:50
4e498c99-04a4-4237-9860-e0a52b0cb08b,wizards.schule,available,22.97,22.97,high,low,7,spaceship,,,02/10/2026 03:40
2196a797-eaae-4345-b234-d1695fa754bc,captives.schule,available,28.99,28.99,medium,low,8,namesilo,,,02/10/2026 02:54
06d5d4bf-97ca-438f-ae27-cc1b62f39dc9,conclusions.schule,available,28.99,28.99,medium,low,11,namesilo,,,28/09/2026 08:35
6cd4b0c7-b7d6-4132-ba2a-79bf141267f6,blister.schule,available,10.92,23.76,medium,low,7,dynadot,,,02/10/2026 01:57
c1d3a154-9e99-4894-8e1b-7d4a3928357e,decayable.schule,available,19.99,41.99,low,low,9,name.com,,,13/08/2026 20:54
ef721923-5bc3-4bfb-9fd6-61c304ee3984,breakaway.schule,available,19.99,41.99,high,low,9,name.com,,,11/08/2026 03:01
51412a99-806a-4aed-882d-c4504bf2ab4d,forthright.schule,available,19.99,41.99,high,low,10,name.com,,,11/08/2026 16:42
73d9ffca-9187-4654-b8a4-760b402b97ec,monsoon.schule,available,22.2,22.2,high,low,7,cloudflare,,,30/09/2026 18:04
edc3e3ae-4bc0-4308-bf5d-8e1dbd939231,hahaha.schule,available,10.92,23.76,high,low,6,dynadot,,,01/10/2026 22:02
527fcd9d-0e65-47a9-a512-5040e45b07eb,malcolm.schule,available,28.99,28.99,high,low,7,namesilo,,,25/09/2026 14:54
e4fa873d-4f0c-413d-958e-a51639c4ed96,fixtures.schule,available,22.97,22.97,medium,low,8,spaceship,,,30/09/2026 00:04
d9d1fd0e-8b41-4cde-92ec-7160b5930bb3,auxetic.schule,available,19.99,41.99,medium,low,7,name.com,,,07/08/2026 21:28
137af74d-2c64-405d-a989-53bcf622cbbb,reinforce.schule,available,22.97,22.97,high,low,9,spaceship,,,29/09/2026 20:46
e662e05a-2185-4ce0-9232-5921c3c4f3fe,doting.schule,available,19.99,41.99,high,low,6,name.com,,,14/08/2026 16:28
78727638-a23d-4181-a5fc-b89189e5e5dd,managers.schule,available,29.98,32.98,high,low,8,namecheap,,,20/09/2026 10:01
95d76c0a-aeda-46a0-9d17-82b1f92f3bf1,relatives.schule,available,28.99,28.99,medium,low,9,namesilo,,,27/09/2026 10:25
2388059b-afd0-4523-ab69-db44ad28a243,raving.schule,available,28.99,28.99,high,low,6,namesilo,,,15/09/2026 22:43
d420da3d-e1f0-4e65-a003-f27bec98ebe9,sacks.schule,available,29.98,32.98,medium,low,5,namecheap,,,20/09/2026 18:55
1be2f258-fe3f-4e80-89ea-3cba789849f1,convex.schule,available,19.99,41.99,high,low,6,name.com,,,11/08/2026 08:24
ca957286-0d3d-4e1b-83f6-954ca888e466,igor.schule,available,22.97,22.97,high,low,4,spaceship,,,28/09/2026 03:33
106d2c01-c275-4784-922f-461db948d9a6,invention.schule,available,49.99,49.99,high,low,9,godaddy,,,28/09/2026 02:09
bd980d4d-b2db-4da5-9203-1ca0da5332a9,axolotl.schule,available,29.98,32.98,high,low,7,namecheap,,,18/09/2026 17:37
fef38507-c9d9-4ffe-8a68-db3de88cdad1,hoover.schule,available,22.97,22.97,high,low,6,spaceship,,,30/09/2026 17:36
aa74500d-522a-400b-a331-ee556cecc499,exceptional.schule,available,22.97,22.97,high,low,11,spaceship,,,28/09/2026 11:15
41cd6f70-3a1f-46e3-ae07-dbfa943b6ae3,cliquish.schule,available,19.99,41.99,medium,low,8,name.com,,,12/08/2026 11:17
696f6633-a406-4a85-b9c9-6d73d6a499f1,islamic.schule,available,19.99,41.99,high,low,7,name.com,,,22/08/2026 10:50
447b41ae-c17a-4e4d-9327-db4804549b9d,alarmed.schule,available,19.99,41.99,medium,low,7,name.com,,,
d77f9e5a-37af-4054-8316-e2dcce379bd6,union.schule,available,28.99,28.99,high,low,5,namesilo,,,28/09/2026 09:47
cd5e720f-85a2-46fd-8146-295359cdb2c5,faecal.schule,available,19.99,41.99,medium,low,6,name.com,,,17/08/2026 20:36
c592bae2-eb15-454c-b9ab-d88f969f478d,overcoming.schule,available,28.99,28.99,high,low,10,namesilo,,,02/10/2026 07:30
19f2dd18-0312-4ad3-888f-099bd4d55982,andersen.schule,available,28.99,28.99,high,low,8,namesilo,,,19/09/2026 04:01
4220a8f3-c886-431b-9040-435acaeb097b,chillicothe.schule,available,28.99,28.99,medium,low,11,namesilo,,,01/10/2026 12:11
24496038-fdaa-4a70-a57d-34ac16f144ca,germ.schule,available,29.98,32.98,high,low,4,namecheap,,,29/09/2026 19:01
413ee218-b5ef-4925-b93f-48706043c337,tweet.schule,available,28.99,28.99,high,low,5,namesilo,,,30/09/2026 05:48
9fd23472-9e8a-4292-ab0b-2798fdba4b07,overblown.schule,available,29.98,32.98,medium,low,9,namecheap,,,04/09/2026 20:19
1691eb25-334d-4562-baa7-5633682a5338,astana.schule,available,19.99,41.99,medium,low,6,name.com,,,18/09/2026 00:11
f3a0bb88-e170-4bed-a90f-1bfa4372bc28,electrical.schule,available,19.99,41.99,high,low,10,name.com,,,16/08/2026 02:39
6b3ac1ae-bab9-4182-8ace-5e8e96fad32c,charges.schule,available,29.98,32.98,medium,low,7,namecheap,,,25/09/2026 18:37
2783baf5-1182-4176-ad63-17761c41281a,rocked.schule,available,22.97,22.97,medium,low,6,spaceship,,,30/09/2026 23:58
28729aa9-3269-4860-ad3b-009536e913f7,provisional.schule,available,29.98,32.98,high,low,11,namecheap,,,30/09/2026 19:46
a6bf321b-a1c2-4e3c-8d45-67d9b2b1a379,cost.schule,available,22.97,22.97,high,low,4,spaceship,,,29/09/2026 11:43
0f1506b2-1e47-4a14-82e4-fc4055062d03,sickish.schule,available,28.99,28.99,low,low,7,namesilo,,,03/09/2026 14:05
271778fa-ce12-45c2-a677-d81beaee34a8,lowe.schule,available,28.99,28.99,high,low,4,namesilo,,,29/09/2026 15:01
0f4c0d10-0382-4e00-8ee3-208bbae9bed2,becomingly.schule,available,28.99,28.99,medium,low,10,namesilo,,,13/09/2026 23:45
1ee0df01-b6ff-4e47-852c-6302368a9d6e,voluble.schule,available,28.99,28.99,medium,low,7,namesilo,,,13/09/2026 06:59
04ee9245-c056-49d0-850f-d5c6b99d3c26,drippage.schule,available,28.99,28.99,medium,low,8,namesilo,,,14/09/2026 14:34
db28772b-5c09-4647-bc5d-f3727954afba,scientifically.schule,available,10.92,23.76,medium,low,14,dynadot,,,02/10/2026 10:49
d64d4950-fe17-4246-a71f-a23adcece1af,grievance.schule,available,22.97,22.97,medium,low,9,spaceship,,,02/10/2026 05:07
1bafda88-9564-4c9f-ae2d-379c3cc83da9,manufacturers.schule,available,28.99,28.99,medium,low,13,namesilo,,,30/09/2026 15:14
7751d5e0-edbd-4ccb-9e61-6b6512f2a326,sourish.schule,available,19.99,41.99,medium,low,7,name.com,,,22/08/2026 23:29
ddc7ec7d-02e1-408f-9ed6-16c1a9895575,peek.schule,available,22.97,22.97,high,low,4,spaceship,,,28/09/2026 19:21
1a8ca2f3-f617-4161-9e83-7eaff5a27ec2,blurred.schule,available,28.99,28.99,medium,low,7,namesilo,,,22/09/2026 23:21
bc56670a-d3d2-40ab-9326-5f3bd5b4fd8c,hardin.schule,available,28.99,28.99,medium,low,6,namesilo,,,28/09/2026 04:15
162c904f-cb4f-4cdb-aa4c-f9b0b708e175,ago.schule,available,29.98,32.98,high,low,3,namecheap,,,21/09/2026 23:15
bb795541-eed4-4111-bfee-ff1b588a34f7,deficit.schule,available,28.99,28.99,high,low,7,namesilo,,,29/09/2026 13:33
fa0a5a18-2d0c-47b5-a38c-e48135522311,aau.schule,available,22.2,22.2,high,low,3,cloudflare,,,30/09/2026 20:29
1898acac-ef6c-4091-a203-c9e25c178a76,philemon.schule,available,10.92,23.76,medium,low,8,dynadot,,,02/10/2026 15:00
b84c3111-0cf4-48be-beba-ac634ea4d6e6,realizable.schule,available,28.99,28.99,high,low,10,namesilo,,,21/09/2026 15:51
e496ebaa-5bae-44d7-a6c5-55bab01022d3,assoc.schule,available,28.99,28.99,high,low,5,namesilo,,,30/09/2026 23:39
0041b836-db85-4d60-8fc3-75acf074b7b6,patrolling.schule,available,22.2,22.2,high,low,10,cloudflare,,,02/10/2026 07:25
e176a983-273b-4d07-be76-1a0e4f329404,colfax.schule,available,28.99,28.99,medium,low,6,namesilo,,,30/09/2026 13:56
0547b011-5e08-49ce-9e47-daed6569bf8d,diligent.schule,available,28.99,28.99,high,low,8,namesilo,,,24/09/2026 08:25
5531df5a-e8b5-465d-84df-4d01c05a5d92,duchess.schule,available,28.99,28.99,high,low,7,namesilo,,,29/09/2026 16:59
e9b480a5-8573-4742-be07-775c8510c78f,smilax.schule,available,28.99,28.99,medium,low,6,namesilo,,,20/09/2026 14:41
926a75bb-ea92-45ec-b7fd-64f53ec16348,formalize.schule,available,22.97,22.97,high,low,9,spaceship,,,30/09/2026 19:58
435f5e42-e6b9-447a-bd9f-d8e2d4ba43b7,basso.schule,available,28.99,28.99,medium,low,5,namesilo,,,22/09/2026 11:59
ac8ede32-a76c-4e90-944b-1a247448f796,leadless.schule,available,19.99,41.99,medium,low,8,name.com,,,22/08/2026 21:48
98f92d2b-4b6e-4f48-bcf0-0e11c1cc46fe,bits.schule,available,22.2,22.2,high,low,4,cloudflare,,,02/10/2026 20:49
0293a98e-a08e-438a-92b5-34a6ce796805,ladies.schule,available,28.99,28.99,high,low,6,namesilo,,,17/09/2026 00:29
52f9bc35-0525-467a-b437-ec918a3da610,extraction.schule,available,28.99,28.99,high,low,10,namesilo,,,29/09/2026 06:50
e408e4e0-4155-451c-b5eb-b2efd159ed4d,rental.schule,available,28.99,28.99,high,low,6,namesilo,,,09/09/2026 14:17
0b6c8589-dbd6-46d5-998a-80457ca4e7e9,hare.schule,available,22.97,22.97,medium,low,4,spaceship,,,29/09/2026 01:14
3699be7c-86b3-4f79-b619-893fd4448dfe,clastic.schule,available,19.99,41.99,medium,low,7,name.com,,,12/08/2026 09:56
cb8ae214-1484-46ca-9210-63a9d5707741,pkk.schule,available,28.99,28.99,high,low,3,namesilo,,,02/10/2026 07:38
90851f95-c924-4321-8d69-d5e7951d0a62,ridden.schule,available,28.99,28.99,high,low,6,namesilo,,,30/09/2026 23:00
bdd0fb71-449d-4fb1-afbb-b108cef40ae9,himalaya.schule,available,29.98,32.98,high,low,8,namecheap,,,01/10/2026 02:35
1701fb3e-7ce6-47ea-91b2-43329a5208b0,revolved.schule,available,22.97,22.97,medium,low,8,spaceship,,,27/09/2026 14:41
db52b724-85f1-4351-87ea-55400342ed41,angell.schule,available,22.97,22.97,high,low,6,spaceship,,,29/09/2026 21:36
de175c9d-2a20-4ee5-a319-c9cbb9c31bda,gunrunner.schule,available,28.99,28.99,medium,low,9,namesilo,,,20/09/2026 07:45
bdf6c2eb-9298-4d39-b24e-eb6626c35401,mover.schule,available,28.99,28.99,high,low,5,namesilo,,,02/10/2026 05:49
985deb63-57e0-4a30-b3e9-8960008042a0,podlike.schule,available,28.99,28.99,medium,low,7,namesilo,,,08/09/2026 22:31
adbae4c0-a1b8-4e31-9434-09c838490a1f,asking.schule,available,28.99,28.99,high,low,6,namesilo,,,28/09/2026 22:40
1335caa1-4ac3-4f74-8d49-ad13a28ba30d,scraping.schule,available,28.99,28.99,high,low,8,namesilo,,,30/09/2026 02:48
d248f9e1-d61d-4394-9a7f-1dcf4d303188,acinus.schule,available,28.99,28.99,medium,low,6,namesilo,,,17/09/2026 01:46
3b3d2b52-43f9-4b3d-be9c-c014248ea3b7,frosty.schule,available,19.99,41.99,high,low,6,name.com,,,18/08/2026 16:26
bc2d9898-c882-4594-b12c-a0b991982923,obligation.schule,available,29.98,32.98,high,low,10,namecheap,,,24/09/2026 13:40
7c9cc0b9-e890-4c20-a9ea-06c98e451a52,mushrooms.schule,available,10.81,23.17,medium,low,9,porkbun,,,29/09/2026 11:10
0dd0f0f0-7802-4785-ac54-0cf46de045bf,unlovable.schule,available,28.99,28.99,medium,low,9,namesilo,,,12/09/2026 15:08
56f2a8ce-c57c-405e-9f46-896fb3459c7b,renovations.schule,available,29.98,32.98,medium,low,11,namecheap,,,02/10/2026 13:58
d6036b86-032a-49fc-9953-eb3b7e7f42d8,saigon.schule,available,10.92,23.76,medium,low,6,dynadot,,,28/09/2026 10:04
7489a69a-20fd-481f-9de8-153fa3f7ab15,violations.schule,available,22.97,22.97,medium,low,10,spaceship,,,29/09/2026 10:53
2f4749f1-5ad1-4ede-ad40-cc6d3f00ca83,flaps.schule,available,10.92,23.76,high,low,5,dynadot,,,30/09/2026 09:40
079fc52e-fb6e-4399-97f5-5e46db3aee5f,jesu.schule,available,22.2,22.2,medium,low,4,cloudflare,,,02/10/2026 19:28
f0957a6f-a96f-41ae-9b8f-ddd7e63825b4,esthesis.schule,available,28.99,28.99,medium,low,8,namesilo,,,17/09/2026 13:28
9cab3dbe-1527-4125-9dee-5e3e442c57aa,christopher.schule,available,28.99,28.99,high,low,11,namesilo,,,25/09/2026 13:15
73d3d6d5-b9e0-4f3e-a731-be32358ff809,cracow.schule,available,10.92,23.76,high,low,6,dynadot,,,02/10/2026 04:29
9973faa7-0e8d-42a6-96ae-034ea3c11b5c,whitlock.schule,available,22.97,22.97,medium,low,8,spaceship,,,30/09/2026 21:49
e0723cb3-ab9c-458e-a9d0-8758f1ef3fe8,pullover.schule,available,28.99,28.99,medium,low,9,namesilo,,,16/09/2026 17:17
ff48948c-4627-431d-b0f7-44a946e28465,bedroll.schule,available,28.99,28.99,medium,low,7,namesilo,,,22/09/2026 23:33
d97dcb66-335b-48f3-a9f6-dae61d76fd4e,skilful.schule,available,28.99,28.99,high,low,7,namesilo,,,21/09/2026 17:29
62a0b54d-6051-4609-89e4-32472c04a4ec,laxly.schule,available,28.99,28.99,low,low,5,namesilo,,,15/09/2026 11:08
151212fc-6568-4179-a2fc-e02c2e771178,karan.schule,available,22.97,22.97,medium,low,5,spaceship,,,02/10/2026 00:39
1bc28bab-3915-4287-9f86-3bf6873d8ef4,adored.schule,available,29.98,32.98,high,low,6,namecheap,,,21/09/2026 19:35
4f4caf49-54cb-4ec2-98fc-0191d31e9e50,lame.schule,available,19.99,41.99,high,low,4,name.com,,,13/08/2026 07:03
c60fde2b-0c4d-41ae-8c3c-960fa5c705c0,tests.schule,available,28.99,28.99,high,low,5,namesilo,,,17/09/2026 22:12
0d5ebdc7-afb9-49f2-ab41-0e44638f8a32,prefigure.schule,available,28.99,28.99,medium,low,9,namesilo,,,21/09/2026 03:35
0267f62a-900e-4aa6-a12f-2cab209b5333,egotistic.schule,available,19.99,41.99,medium,low,9,name.com,,,12/08/2026 19:55
afab71e6-f7a6-4f96-a5e4-2b1932db6162,thoughtful.schule,available,19.99,41.99,high,low,10,name.com,,,21/08/2026 05:59
ff2adcfa-c0b3-4301-ad05-9f47bbc3b6d7,elimination.schule,available,22.97,22.97,high,low,11,spaceship,,,02/10/2026 05:32
ea7207d3-4d35-44e7-b005-254b38a0f690,targets.schule,available,28.99,28.99,medium,low,7,namesilo,,,18/09/2026 15:18
6cb0f29f-f464-44ef-84c1-d31f02829fd2,budget.schule,available,22.97,22.97,high,low,6,spaceship,,,29/09/2026 05:05
67a885f1-38c2-47f0-8c94-ed092add1ebd,districts.schule,available,28.99,28.99,medium,low,9,namesilo,,,01/10/2026 16:30
680e416d-c15f-40e9-83b3-7c168edece48,petalous.schule,available,29.98,32.98,medium,low,8,namecheap,,,08/09/2026 18:15
8feadf66-1842-448e-806d-8776c4e31491,mitigated.schule,available,19.99,41.99,medium,low,9,name.com,,,25/08/2026 02:06
e5abc638-40b7-4951-97b4-8a0f44cc3a88,sweetness.schule,available,10.81,23.17,high,low,9,porkbun,,,29/09/2026 00:59
06dd2cd8-9436-4d48-bae2-27cf48500bb5,upward.schule,available,29.98,32.98,high,low,6,namecheap,,,28/09/2026 09:54
379c7a21-4811-4fc2-9cdb-f1d211697762,arresting.schule,available,19.99,41.99,high,low,9,name.com,,,06/08/2026 21:47
ad1329b8-65ac-4ffd-8134-58008e002f4a,toy.schule,premium,118.8,118.8,high,low,3,namesilo,,,30/09/2026 07:01
2981ef7e-1104-4150-bb95-6225b9ee1197,ballota.schule,available,28.99,28.99,medium,low,7,namesilo,,,21/09/2026 23:16
5d26c789-67bb-48ba-b26a-2e36bece897a,dekker.schule,available,22.97,22.97,high,low,6,spaceship,,,29/09/2026 18:35
f2a66c8e-7697-4b58-9007-55b515ed5f73,ribbed.schule,available,19.99,41.99,medium,low,6,name.com,,,13/08/2026 03:08
f544d780-8cac-441e-a092-960be46aaea4,explosives.schule,available,22.97,22.97,medium,low,10,spaceship,,,28/09/2026 04:36
88814512-56f5-4d15-adc9-fd64d32cf9f7,decease.schule,available,29.98,32.98,medium,low,7,namecheap,,,24/09/2026 19:36
0ad13e1e-39b7-41a0-9ad0-f81a7e77e5b4,pak.schule,premium,102.67,102.67,high,low,3,spaceship,,,28/09/2026 03:33
8d1b32a3-4fba-4cc3-b493-8c2bae6c7f66,arts.schule,available,22.97,22.97,high,low,4,spaceship,,,01/10/2026 02:32
115f40d0-d3ec-499a-aa3a-455420200368,gompers.schule,available,22.97,22.97,medium,low,7,spaceship,,,02/10/2026 15:34
5f8c7153-6b12-4c46-bdf3-e37ac26c0722,rally.schule,available,29.98,32.98,high,medium,5,namecheap,,,21/09/2026 19:55
f473ed07-6444-469d-b75b-3534d9da2fc4,contemplating.schule,available,29.98,32.98,low,low,13,namecheap,,,18/09/2026 04:50
c37a185e-6dc2-4c3d-82bc-e43750fade31,squinty.schule,available,19.99,41.99,medium,low,7,name.com,,,07/08/2026 03:20
327f1fa8-f319-4f06-90bf-eaab40cebf52,rogers.schule,available,22.97,22.97,high,low,6,spaceship,,,27/09/2026 12:11
01a74c8f-b8d5-4460-b6f0-dc5934b30436,litter.schule,available,28.99,28.99,high,low,6,namesilo,,,22/09/2026 23:14
6ae57ed2-4109-489a-80cd-c314c64614d6,taoism.schule,available,29.98,32.98,medium,low,6,namecheap,,,30/09/2026 16:55
45ac6c8c-a90d-4037-beba-94b57ba11ec8,gutsy.schule,available,19.99,41.99,high,low,5,name.com,,,20/08/2026 21:14
896acf04-5bd2-45b2-8660-0e7e9781b350,sponsors.schule,available,22.2,22.2,medium,low,8,cloudflare,,,29/09/2026 11:40
354270b1-9c90-4189-a603-fe5c01107821,arundo.schule,available,28.99,28.99,medium,low,6,namesilo,,,20/09/2026 12:25
327ab5fb-0b0f-4d5d-8282-0ec3dd813f48,kossuth.schule,available,28.99,28.99,medium,low,7,namesilo,,,02/10/2026 07:58
83bf0311-0927-479c-b60f-f508863226f2,manful.schule,available,19.99,41.99,medium,low,6,name.com,,,24/08/2026 14:46
0e8d2221-6e81-49fd-beed-2482d7464374,freda.schule,available,22.97,22.97,high,low,5,spaceship,,,01/10/2026 08:48
c4b7868a-0018-48c1-aa4a-f9a9d083bc0d,nigger.schule,available,22.97,22.97,high,medium,6,spaceship,,,29/09/2026 19:25
20d0849e-afac-45d5-bd94-7245b2782c9a,perennial.schule,available,28.99,28.99,high,low,9,namesilo,,,08/09/2026 16:26
124d6061-2041-453b-9ac2-77c920706ea7,rendition.schule,available,22.97,22.97,high,low,9,spaceship,,,02/10/2026 05:24
001894fc-187b-4cdb-a543-79fa171026bf,lisboa.schule,available,28.99,28.99,high,low,6,namesilo,,,29/09/2026 06:47
2c730fcb-7f06-4c69-8138-1c77dbac9dbc,astray.schule,available,19.99,41.99,medium,low,6,name.com,,,13/09/2026 22:14
767302d9-2dfd-406c-8178-87ee597a7094,groove.schule,available,22.97,22.97,high,low,6,spaceship,,,28/09/2026 05:49
43690ae7-07b3-495f-8461-b2c946a5dbdd,ideals.schule,available,10.92,23.76,medium,low,6,dynadot,,,29/09/2026 05:10
0bb52e1f-b64e-416d-88f0-94211600e1f7,carry.schule,available,28.99,28.99,high,low,5,namesilo,,,28/09/2026 00:56
5280215b-4805-41c7-accd-d1fb1c4301a6,delicately.schule,available,28.99,28.99,medium,low,10,namesilo,,,14/09/2026 11:25
8e511463-83f9-4ec7-bdd1-5d1dda04cfe5,britain.schule,available,28.99,28.99,high,low,7,namesilo,,,29/09/2026 04:23
93cd0263-4013-43c1-9b12-a07084ad2b14,incoherent.schule,available,19.99,41.99,medium,low,10,name.com,,,22/08/2026 01:42
e75b9281-9c22-4f6e-b6f7-66cc34d7525a,thumping.schule,available,19.99,41.99,high,low,8,name.com,,,08/08/2026 13:08
668de41a-b126-40d8-a8c5-75c99ce72254,landings.schule,available,10.92,23.76,medium,low,8,dynadot,,,30/09/2026 00:42
4399cfba-31e4-4fbd-b803-fa72fc6481eb,sys.schule,premium,118.8,118.8,high,low,3,namesilo,,,30/09/2026 14:33
e1f206a8-1005-435e-960b-1d208cffe33f,bids.schule,available,22.97,22.97,medium,low,4,spaceship,,,29/09/2026 15:47
c005b8ec-b21f-4294-b856-2bfcb730868a,bestseller.schule,available,29.98,32.98,high,low,10,namecheap,,,23/09/2026 10:31
cdfdf11a-a00a-4c4e-b0bc-971841be27a1,starvation.schule,available,19.99,41.99,medium,low,10,name.com,,,10/09/2026 19:06
884159e3-f794-41f8-a5e7-fb69da962a3a,recordings.schule,available,28.99,28.99,medium,low,10,namesilo,,,29/09/2026 16:40
7019c386-7a9b-4cb6-bd9a-5d646af734df,jeanette.schule,available,28.99,28.99,high,low,8,namesilo,,,29/09/2026 09:37
54cd5f17-5049-4f51-bb5e-9e02d3ddf9a5,screwdrivers.schule,available,28.99,28.99,medium,low,12,namesilo,,,20/09/2026 04:52
1c65019b-8252-463a-93f3-846dcba8f94f,hammond.schule,available,19.99,41.99,high,low,7,name.com,,,25/09/2026 12:21
d5afaa2b-191f-4f90-bf40-7ff5769e44f0,illnesses.schule,available,22.97,22.97,low,low,9,spaceship,,,01/10/2026 18:29
537dd22d-3eef-4a14-94d2-52d957ba2b30,frome.schule,available,29.98,32.98,medium,low,5,namecheap,,,02/10/2026 20:20
c36586ce-2931-444a-a511-af1fbb4e4bf1,faithful.schule,available,28.99,28.99,high,low,8,namesilo,,,24/09/2026 16:23
f3429a2e-cda7-42f2-9d9c-fc604ec0295a,aviatrix.schule,available,29.98,32.98,high,low,8,namecheap,,,17/09/2026 23:25
243713f4-e393-45d2-a47a-e88fdc24b4e1,hendrick.schule,available,28.99,28.99,medium,low,8,namesilo,,,29/09/2026 10:54
d6cb0595-2dc9-4b4d-8aff-f252252dde94,idyl.schule,available,28.99,28.99,high,low,4,namesilo,,,08/09/2026 10:13
05b308b1-f10f-4f5a-8929-dfb86294c6ce,shack.schule,available,29.98,32.98,high,low,5,namecheap,,,24/09/2026 23:26
45cb2282-4e0c-4ce0-9b61-c7321fdd8ed5,bearer.schule,available,29.98,32.98,high,low,6,namecheap,,,22/09/2026 21:14
92f4ebff-547c-4d6e-a4a5-9f712319a03b,broccoli.schule,available,22.97,22.97,high,low,8,spaceship,,,29/09/2026 04:00
f89cf6fa-7fca-45d4-8506-4b09d773e3f1,fillmore.schule,available,28.99,28.99,medium,low,8,namesilo,,,03/10/2026 00:44
25b016b6-0819-4e4f-84af-69d0e4ee1970,armillaria.schule,available,28.99,28.99,medium,low,10,namesilo,,,20/09/2026 07:07
f045ec74-a260-47fd-8435-e0bb1f60dc90,decatur.schule,available,28.99,28.99,medium,low,7,namesilo,,,27/09/2026 03:44
d0238a00-fee6-4fbc-b9f5-4f13e93bd2f1,lillian.schule,available,28.99,28.99,medium,low,7,namesilo,,,26/09/2026 03:34
78cfd6c5-8c7f-4cf9-a976-2538c28a1015,phrases.schule,available,22.2,22.2,medium,low,7,cloudflare,,,02/10/2026 21:24
f6f8f3d0-0823-49d4-85c1-ff791c29b253,woolley.schule,available,22.2,22.2,medium,low,7,cloudflare,,,29/09/2026 20:22
d88848ac-5f69-47f4-9c98-45ad0054c5cb,cecile.schule,available,22.97,22.97,medium,low,6,spaceship,,,03/10/2026 04:56
8d710e43-0174-4e4b-9a95-50fc57f851a0,atlantis.schule,available,28.99,28.99,high,low,8,namesilo,,,20/09/2026 21:45
d96781df-2496-40fb-999f-dfdf3e1147b8,colley.schule,available,28.99,28.99,medium,low,6,namesilo,,,02/10/2026 07:47
2990ea21-4f4b-4997-a707-489edee3378c,improbably.schule,available,28.99,28.99,medium,low,10,namesilo,,,15/09/2026 02:27
39d7724a-049d-4d0b-962e-050c5492d234,earrings.schule,available,10.92,23.76,medium,low,8,dynadot,,,30/09/2026 00:39
2cec4d0a-3c6f-417f-8a2b-de1a802889e6,begetter.schule,available,28.99,28.99,medium,low,8,namesilo,,,23/09/2026 02:08
fd1c1c80-3407-4782-8cde-8f898c1354f5,solid.schule,available,10.92,23.76,high,medium,5,dynadot,,,27/09/2026 17:59
7168298b-1aeb-4e5b-a7b3-315f067f0f5a,smashingly.schule,available,28.99,28.99,medium,low,10,namesilo,,,16/09/2026 02:49
daafc906-5ebc-4e80-b9f6-9349ee52907e,alhaytham.schule,available,28.99,28.99,medium,low,10,namesilo,,,18/09/2026 00:48
5f2535f0-1b71-48d8-92c7-26fb43ece168,appear.schule,available,22.97,22.97,high,low,6,spaceship,,,30/09/2026 15:08
19f65692-5b7a-4b1d-b8ae-2e81c4eddbc8,advert.schule,available,22.97,22.97,high,low,6,spaceship,,,28/09/2026 11:46
e428a2e5-0df5-4115-b1c7-916c2f2fd8ce,hindustani.schule,available,19.99,41.99,medium,low,10,name.com,,,21/08/2026 09:35
8c7dd377-99e4-4218-a2dc-770818aaabb5,exercises.schule,available,22.97,22.97,medium,low,9,spaceship,,,28/09/2026 17:18
fd03ba7f-9dfa-4c44-a6d0-559a5a0b548b,leveled.schule,available,10.92,23.76,medium,low,7,dynadot,,,02/10/2026 23:02
ab49e281-c61c-46be-849d-2706e0859924,agnate.schule,available,19.99,41.99,medium,low,6,name.com,,,
69c69b66-1c3f-4f5d-bb41-56d29d9ce36b,unworthy.schule,available,19.99,41.99,medium,low,8,name.com,,,14/08/2026 04:05
a7554f54-b640-4a59-b20d-b4da674dbce6,analytics.schule,available,28.99,28.99,high,low,9,namesilo,,,03/10/2026 04:08
77a1125b-6a7c-412b-b6ce-e116dc9c3a3e,weighs.schule,available,22.97,22.97,low,low,6,spaceship,,,28/09/2026 18:15
b3af7199-8836-429a-b676-073e5536aa28,inward.schule,available,19.99,41.99,high,low,6,name.com,,,21/08/2026 23:34
f7dd8cd6-94f9-4619-b25f-f0f2cc1311a1,cooperate.schule,available,22.2,22.2,high,low,9,cloudflare,,,28/09/2026 17:32
d7359d2d-2edf-4b78-ba4c-827885a2a6cf,tiberias.schule,available,22.97,22.97,high,low,8,spaceship,,,02/10/2026 08:43
7253f7c0-3558-49ae-b805-d7ecdbb5186b,dimension.schule,available,28.99,28.99,high,low,9,namesilo,,,21/09/2026 02:17
2fac7b12-153e-4842-8f30-cc0e27b102c0,clauses.schule,available,10.92,23.76,medium,low,7,dynadot,,,02/10/2026 11:49
f28f22f1-99bd-4f95-822c-fed70ea2133b,scallops.schule,available,28.99,28.99,medium,low,8,namesilo,,,19/09/2026 23:48
23667976-e23e-4fe4-b078-f06ca99f101b,coney.schule,available,22.97,22.97,medium,low,5,spaceship,,,30/09/2026 09:15
d91b6ef6-665d-4a7e-a9c4-979e7e53841e,arbitrate.schule,available,19.99,41.99,high,low,9,name.com,,,22/08/2026 08:17
96933eff-70a5-4282-b1fd-e57d9479a480,invaded.schule,available,28.99,28.99,low,low,7,namesilo,,,28/09/2026 23:00
3bdca8dc-d84d-4f05-9711-1f72a295208a,swine.schule,available,28.99,28.99,high,low,5,namesilo,,,29/09/2026 02:16
7d8a6059-991d-430b-8b29-6c02761855d9,cotton.schule,available,22.97,22.97,high,low,6,spaceship,,,29/09/2026 11:45
10c32aa9-c628-4170-bf74-0d55580f740e,thyroid.schule,available,28.99,28.99,high,low,7,namesilo,,,11/09/2026 15:18
598a6f36-fcd6-4308-a20e-9ae621ccc597,personalities.schule,available,22.97,22.97,medium,low,13,spaceship,,,29/09/2026 00:05
d2d7aed3-21c1-487e-b320-915dc37991af,bullitt.schule,available,22.97,22.97,medium,low,7,spaceship,,,02/10/2026 10:47
66f3cb1a-e5d5-4a8e-9f39-09a9d1c32313,willett.schule,available,22.2,22.2,medium,low,7,cloudflare,,,30/09/2026 21:34
5d8e8276-ec60-46cb-a8bd-a8095bef39cd,replacement.schule,available,19.99,,high,low,11,name.com,,,
e761d9ec-8236-48a5-8474-db9aff2b64a7,arak.schule,available,29.98,32.98,medium,low,4,namecheap,,,19/09/2026 23:47
3d8be70d-caa5-491b-973a-472249b27fc3,nara.schule,available,29.98,32.98,medium,low,4,namecheap,,,28/09/2026 06:27
0880aec4-6995-48df-8bb8-40cae32397a3,ghosh.schule,available,10.92,23.76,medium,low,5,dynadot,,,29/09/2026 15:46
e9f63924-2fbc-4e4f-9d3e-2dc071e9159c,rarity.schule,available,29.98,32.98,high,low,6,namecheap,,,24/09/2026 20:28
6ade3440-e778-4fab-b99e-fd1624ddc610,freetown.schule,available,28.99,28.99,high,low,8,namesilo,,,24/09/2026 12:22
c76dd6c8-9dd5-4300-968a-93cd37be9aef,superfund.schule,available,28.99,28.99,high,low,9,namesilo,,,29/09/2026 08:11
37c9da2e-5019-4b08-a867-6b2545f7e148,plaintiff.schule,available,28.99,28.99,high,low,9,namesilo,,,29/09/2026 11:57
79b62cee-07c0-4bd9-b7e0-c38114124a3f,besom.schule,available,29.98,32.98,medium,low,5,namecheap,,,23/09/2026 10:25
68163516-f0b4-44ca-b04d-d5df2bb40cd9,hydrography.schule,available,22.97,22.97,high,low,11,spaceship,,,02/10/2026 22:23
092f8a54-7a4b-4659-b6b7-b6c2de3d535c,screech.schule,available,28.99,28.99,high,low,7,namesilo,,,09/09/2026 23:57
ac63c95a-0953-4fcc-9c38-d9c0a0250b26,felicitous.schule,available,19.99,41.99,medium,low,10,name.com,,,18/08/2026 00:51
9ceb5066-8508-4e2a-9be6-96d848fb60f7,rodent.schule,available,22.97,22.97,medium,low,6,spaceship,,,29/09/2026 19:04
7f9c6cbc-3854-49a9-8afd-f1ff06e65873,nuggets.schule,available,10.81,23.17,medium,low,7,porkbun,,,02/10/2026 22:30
667ddceb-4b7e-4bcf-9343-845edff78c83,ballinger.schule,available,28.99,28.99,high,low,9,namesilo,,,02/10/2026 08:10
a0de6d5e-fd9d-4664-a1c4-c41ee5c6bb7c,elevators.schule,available,28.99,28.99,low,low,9,namesilo,,,29/09/2026 00:00
7c8ba092-68db-4ece-96a1-44aa19057e17,feathery.schule,available,19.99,41.99,high,low,8,name.com,,,18/08/2026 00:18
612b1a46-6358-4b13-a1e0-d3b53ae44ca9,leasing.schule,available,28.99,28.99,high,low,7,namesilo,,,01/10/2026 23:15
27519b1a-c315-49d4-988a-44cad160485f,tomatoes.schule,available,29.98,32.98,medium,low,8,namecheap,,,28/09/2026 12:33
04c29068-e83c-4916-a1ca-0a81db249cf6,counseling.schule,available,28.99,28.99,high,low,10,namesilo,,,01/10/2026 03:29
fd182c80-c265-4453-8a30-71391b999264,instance.schule,available,28.99,28.99,high,low,8,namesilo,,,25/09/2026 22:06
fcd2ee93-d1b6-4050-9545-f3daed1694ef,groggy.schule,available,19.99,41.99,medium,low,6,name.com,,,18/08/2026 09:53
9caaa57e-e251-4b11-b8af-92fe376a71f9,banquette.schule,available,28.99,28.99,medium,low,9,namesilo,,,22/09/2026 03:08
4977d5da-9552-43e1-b9b5-9ebf85494d88,mindanao.schule,available,28.99,28.99,medium,low,8,namesilo,,,28/09/2026 10:28
edef6452-f2e6-461f-9c2e-72ba403490a2,sends.schule,available,28.99,28.99,medium,low,5,namesilo,,,27/09/2026 03:02
eacafe8a-1ce0-4ad6-9c76-dfa28b5eeb55,grading.schule,available,29.98,32.98,high,low,7,namecheap,,,30/09/2026 01:47
35bfbc1c-6f05-45e9-bbad-8ace3c592784,gainly.schule,available,19.99,41.99,medium,low,6,name.com,,,18/08/2026 19:33
64384b54-695c-4b83-993d-8e76d0c2fd34,ulmus.schule,available,28.99,28.99,high,low,5,namesilo,,,02/10/2026 15:29
bff305f7-c6b9-4680-9b90-57b9fed79d39,pawn.schule,available,22.97,22.97,high,low,4,spaceship,,,28/09/2026 18:36
b214c470-e15b-4045-98c8-6c2c05554bae,themself.schule,available,19.99,,medium,low,8,name.com,,,
e2165adb-f1a9-4966-ab7a-988cb3bf1148,treeless.schule,available,29.98,32.98,medium,low,8,namecheap,,,11/09/2026 19:10
f68ce3f5-822e-4e1e-9e6d-de529395d116,radar.schule,available,22.97,22.97,high,medium,5,spaceship,,,30/09/2026 04:23
2965e5ea-680d-42b0-a597-1fe4ef32d367,drop.schule,available,28.99,28.99,high,medium,4,namesilo,,,24/09/2026 05:11
82effd5a-5331-4556-a8e8-ccee33828b05,avionic.schule,available,19.99,41.99,medium,low,7,name.com,,,07/08/2026 23:35
aebeb0ca-ecd5-4755-8d75-05d8415d88e7,baryon.schule,available,19.99,41.99,medium,low,6,name.com,,,22/09/2026 09:41
6f55d9b8-7cf9-4228-a94e-740f531234bd,avoiding.schule,available,22.97,22.97,high,low,8,spaceship,,,28/09/2026 03:32
25a61326-c31a-4542-ab4d-f5ec29840f88,aspis.schule,available,28.99,28.99,medium,low,5,namesilo,,,20/09/2026 15:24
4c421926-ec4e-482b-9c8c-2b1c915037e5,binocular.schule,available,19.99,41.99,high,low,9,name.com,,,10/08/2026 00:15
7b8b93de-1151-4723-aa13-00e071570fe3,metcalfe.schule,available,22.97,22.97,high,low,8,spaceship,,,29/09/2026 17:48
c59fcac8-ed52-4f55-a619-a1d84ca2741f,starts.schule,available,19.99,,medium,low,6,name.com,,,
e2efdf69-b53d-4f4c-a246-52447fc924df,barrack.schule,available,29.98,32.98,medium,low,7,namecheap,,,22/09/2026 07:48
d4d426ed-c9fe-4c35-b57a-b31a4902e80c,whack.schule,available,22.97,22.97,high,low,5,spaceship,,,01/10/2026 22:02
265ec527-fbfc-431b-9c5d-8dcb4762f9fb,gresham.schule,available,22.2,22.2,medium,low,7,cloudflare,,,29/09/2026 01:08
9f094be6-3b18-4b3e-b400-e3c4184b9fc9,gothenburg.schule,available,28.99,28.99,medium,low,10,namesilo,,,28/09/2026 14:19
488f888b-4d0e-4154-80b4-d5203811a7e6,wilkins.schule,available,28.99,28.99,medium,low,7,namesilo,,,25/09/2026 22:55
1da6cb6d-0a51-469a-8a3c-66f895809191,halt.schule,available,28.99,28.99,high,low,4,namesilo,,,24/09/2026 01:49
ec2473d9-d8f6-497c-8133-d05ecaf2bbb2,mainframe.schule,available,22.97,22.97,high,low,9,spaceship,,,01/10/2026 01:14
5d68c28f-c4fe-4873-80d6-a4e0fc96f466,beltway.schule,available,28.99,28.99,high,low,7,namesilo,,,23/09/2026 07:15
db0d7cb7-bbd1-49bd-8071-cbe321ba6cc3,relaxant.schule,available,28.99,28.99,high,low,8,namesilo,,,09/09/2026 13:22
a349b5a5-51cf-48db-9f8b-00aa1d1f6ecf,ease.schule,available,28.99,28.99,high,low,4,namesilo,,,27/09/2026 13:14
7a5f8a1d-b8f2-4343-9dca-c6ba8c736f71,bitches.schule,available,28.99,28.99,low,low,7,namesilo,,,30/09/2026 06:28
1c6df488-e952-4cbf-b2b6-3de56b6ee067,joliet.schule,available,28.99,28.99,medium,low,6,namesilo,,,29/09/2026 01:26
cf02c254-0497-4767-b63d-f2fa7f488e19,eto.schule,available,10.81,23.17,high,low,3,porkbun,,,02/10/2026 19:00
549f0fc7-515c-4748-99ef-cfb2c022673e,singles.schule,available,22.97,22.97,high,low,7,spaceship,,,28/09/2026 20:28
1695c075-87b4-47eb-a9e3-ad899a2092f5,tice.schule,available,22.97,22.97,medium,low,4,spaceship,,,02/10/2026 18:37
e2457e0e-e7c6-4667-88e0-b7e7e20a161a,widen.schule,available,22.97,22.97,high,low,5,spaceship,,,30/09/2026 19:38
881c4d53-9b6f-43e8-a5bb-7197cd9d1b27,crumbling.schule,available,10.81,23.17,medium,low,9,porkbun,,,03/10/2026 03:03
07d7486f-c163-4a6e-a282-b91dad8a2480,appetising.schule,available,19.99,41.99,medium,low,10,name.com,,,06/08/2026 06:50
ab3983aa-a953-44f1-8bb3-cc18dd3c113c,mantle.schule,available,22.97,22.97,medium,low,6,spaceship,,,28/09/2026 18:42
115ea490-cecc-4248-af2c-271c376fca36,onstage.schule,available,29.98,32.98,high,low,8,namecheap,,,16/09/2026 19:36
a9f97dc4-6366-43eb-a313-4039978a8f91,edwin.schule,available,28.99,28.99,medium,low,5,namesilo,,,25/09/2026 05:17
22df50ea-3aae-4270-80d4-597c96bb6892,boxes.schule,available,28.99,28.99,medium,low,5,namesilo,,,17/09/2026 04:37
54457a8b-01d2-4c21-8aec-f391b961b649,proust.schule,available,29.98,32.98,medium,low,6,namecheap,,,30/09/2026 17:59
2ad58b17-a61d-46d5-8c69-f6a5c08dc004,documentation.schule,available,28.99,28.99,high,low,13,namesilo,,,01/10/2026 06:22
8944ac73-f64f-46e8-bd0a-4f81f7c6c610,upload.schule,available,28.99,28.99,high,low,6,namesilo,,,01/10/2026 04:31
6d0be4ee-35c1-401d-9226-2cacdc688d91,impromptu.schule,available,19.99,41.99,high,low,9,name.com,,,
e0879fbd-6646-4937-81d6-335eb5fec471,manx.schule,available,19.99,41.99,high,low,4,name.com,,,24/08/2026 15:32
78b73441-e35e-4456-a62a-e5399e957411,inaccurate.schule,available,19.99,41.99,medium,low,10,name.com,,,22/08/2026 00:09
bb7c91cd-658f-46a9-8e9c-d9ed38caa0d1,jowett.schule,available,28.99,28.99,medium,low,6,namesilo,,,23/09/2026 08:21
e99d49c5-d006-46e2-b183-4ef28fd9380c,eggplant.schule,available,19.99,41.99,high,low,8,name.com,,,21/09/2026 02:30
111f4257-0db0-4041-89e6-5ae9029d0f9b,llc.schule,premium,38.94,38.94,high,low,3,namesilo,,,25/09/2026 11:14
6336fbf3-4105-48f6-a633-74490c0d431a,adopted.schule,available,19.99,41.99,high,low,7,name.com,,,
e925e38a-71d1-446f-9424-94e76fec1d73,removes.schule,available,28.99,28.99,medium,low,7,namesilo,,,30/09/2026 07:26
7d1e7d97-fa4d-4fbd-bf58-409a28b9d01d,accoutered.schule,available,19.99,41.99,medium,low,10,name.com,,,
e44db62c-8d83-4255-b6b2-beaca18c4437,blower.schule,available,19.99,41.99,medium,low,6,name.com,,,12/08/2026 01:06
4d356269-73eb-43ce-bad0-d3aaf920090e,drive.schule,available,29.98,32.98,high,medium,5,namecheap,,,24/09/2026 12:12
5d33efab-be60-4609-b0cc-2b218ef09496,crate.schule,available,29.98,32.98,high,low,5,namecheap,,,24/09/2026 19:07
eb2aa239-2956-48ee-9499-40d87da5d289,that.schule,available,22.2,22.2,high,medium,4,cloudflare,,,30/09/2026 22:10
af1559b6-6ee8-497c-a4dc-314b2cb96258,dtv.schule,available,22.2,22.2,high,low,3,cloudflare,,,03/10/2026 03:46
3a89d545-c2c9-42cd-91bc-8745b7fbc5f9,alberta.schule,available,28.99,28.99,high,low,7,namesilo,,,18/09/2026 02:45
ba0abd6a-88d1-40fe-8a8a-e5c9f7bfee44,flashback.schule,available,10.81,23.17,high,low,9,porkbun,,,30/09/2026 17:20
93648f99-36ed-4cd7-97ce-4475ddb376e6,talismanic.schule,available,28.99,28.99,medium,low,10,namesilo,,,11/09/2026 07:30
1add42c4-1b22-414f-a803-5d316fd92777,adolescent.schule,available,29.98,32.98,high,low,10,namecheap,,,21/09/2026 19:03
7d39862a-cd29-4673-8faf-bae8f16e3ad6,reigns.schule,available,22.97,22.97,medium,low,6,spaceship,,,02/10/2026 12:48
be6e024c-63a9-4951-980e-5e1819703644,successors.schule,available,28.99,28.99,medium,low,10,namesilo,,,20/09/2026 05:21
67814f17-6932-4cd8-a6a1-42d613f97fbd,classifiers.schule,available,28.99,28.99,medium,low,11,namesilo,,,02/10/2026 22:56
116a8f92-7047-4ab6-a49a-5a47388e0fe0,bonner.schule,available,10.92,23.76,high,low,6,dynadot,,,28/09/2026 07:28
1135724e-d551-4bf2-be3f-7f918343de7c,unhatched.schule,available,19.99,41.99,medium,low,9,name.com,,,12/09/2026 12:05
c3f9ce63-8dfc-46d5-8627-498181ecc945,barbecues.schule,available,28.99,28.99,medium,low,9,namesilo,,,21/09/2026 08:34
f9a7231e-32eb-40a3-b4d1-8bfcf5311954,seneca.schule,available,10.92,23.76,high,low,6,dynadot,,,02/10/2026 05:40
a55811e8-7dc8-49bd-9974-4566dbbd14d8,boyhood.schule,available,28.99,28.99,high,low,7,namesilo,,,02/10/2026 14:26
766cfe0e-694c-4410-8b7a-6f44b21cdc88,bergen.schule,available,28.99,28.99,high,low,6,namesilo,,,23/09/2026 09:19
b30f56dc-276b-4ffa-afe6-05eadcfcb8cf,acoustic.schule,available,19.99,41.99,high,low,8,name.com,,,
cae72d4f-7be4-438a-b8c1-1422b0ea9c47,experimenters.schule,available,22.2,22.2,medium,low,13,cloudflare,,,02/10/2026 03:51
82488c21-60c3-4169-b837-03e0ac03eb8d,berries.schule,available,28.99,28.99,medium,low,7,namesilo,,,19/09/2026 15:37
4faa4c53-0fd3-4565-a37e-948e0476d311,sectarian.schule,available,28.99,28.99,medium,low,9,namesilo,,,10/09/2026 01:13
92a06ca0-d31f-4134-99a3-173e2023b654,journalist.schule,available,28.99,28.99,high,low,10,namesilo,,,27/09/2026 12:59
5773ca92-d6d7-452f-b2dd-5927a28fe8f7,wisdoms.schule,available,28.99,28.99,medium,low,7,namesilo,,,21/09/2026 10:19
76e2fda3-fa0c-440d-9028-c575537867f8,commentary.schule,available,22.97,22.97,medium,low,10,spaceship,,,29/09/2026 06:24
8b08cf8b-b447-40c6-af7f-c537d4e02a82,anarchism.schule,available,29.98,32.98,medium,low,9,namecheap,,,19/09/2026 02:24
cf795828-727a-4a13-be98-6c25367171e1,parochial.schule,available,28.99,28.99,medium,low,9,namesilo,,,08/09/2026 01:46
40ff2851-771a-458c-8990-bdfb6bece115,anonymous.schule,available,28.99,28.99,high,low,9,namesilo,,,22/09/2026 05:30
e20d0ad5-8c31-4274-bdfc-128d83703f39,unlikely.schule,available,19.99,41.99,high,low,8,name.com,,,21/08/2026 23:08
d9630a12-d0ae-4790-9d2f-1b4c67490bd0,billing.schule,available,22.97,22.97,high,low,7,spaceship,,,30/09/2026 16:32
1a19febe-83b2-4efb-975b-d516d288bc5e,eradicate.schule,available,10.81,23.17,high,low,9,porkbun,,,02/10/2026 06:42
15ffc801-249b-4c4b-99bc-b85202e5e1a3,smog.schule,available,28.99,28.99,high,low,4,namesilo,,,02/10/2026 06:26
b197932d-7b06-4111-8865-f458323b2ebb,supervising.schule,available,29.98,32.98,medium,low,11,namecheap,,,01/10/2026 00:08
c53c365b-db69-4e7c-a4fb-c51e8e4e83e3,knowledge.schule,available,28.99,28.99,high,low,9,namesilo,,,02/10/2026 23:44
f8cda51f-11ca-4400-8f7a-feee3a25ff5a,dressing.schule,available,28.99,28.99,high,low,8,namesilo,,,22/09/2026 00:55
7fc4c4a9-ddb1-45d3-850c-af2cf5914127,perth.schule,available,28.99,28.99,high,low,5,namesilo,,,26/09/2026 00:00
b8fdcec1-28a5-456b-a33c-87ad63940a77,shelling.schule,available,28.99,28.99,medium,low,8,namesilo,,,22/09/2026 08:00
399acf7f-62ed-41e5-869b-7ad01663057e,installed.schule,available,10.81,23.17,medium,low,9,porkbun,,,28/09/2026 12:57
1626685f-eece-4ee6-8d41-5534e719222e,christy.schule,available,28.99,28.99,high,low,7,namesilo,,,29/09/2026 21:38
cd5fa1e1-3a50-4126-b21a-0a512121dcb9,ponderous.schule,available,19.99,41.99,medium,low,9,name.com,,,24/08/2026 11:10
cc94700b-648b-4529-b7bc-5d919b8173be,ineptitude.schule,available,28.99,28.99,medium,low,10,namesilo,,,21/09/2026 10:06
67b200b3-586e-4eae-9734-d8f1ada451bc,seventy.schule,available,19.99,41.99,high,low,7,name.com,,,
2f4b7076-8074-490b-93f9-96fe5fb9009d,confer.schule,available,28.99,28.99,high,low,6,namesilo,,,02/10/2026 17:14
27947615-2fe7-4ac3-bc74-d5a051896751,fraction.schule,available,22.97,22.97,high,low,8,spaceship,,,29/09/2026 07:00
f8b4a5a7-c9a1-4307-8913-63a7971bed39,sweets.schule,available,28.99,28.99,high,low,6,namesilo,,,01/10/2026 15:28
384840f2-038c-4a8f-9685-8ee151e48da5,agene.schule,available,29.98,32.98,medium,low,5,namecheap,,,17/09/2026 17:07
649d6dbb-9ebc-43e0-b827-7fe1325bba70,rosary.schule,available,10.92,23.76,high,low,6,dynadot,,,02/10/2026 06:08
5ba782b9-8483-4f90-a4bb-710ee323b523,cecal.schule,available,19.99,41.99,medium,low,5,name.com,,,11/08/2026 12:54
1a2c9461-5006-43f5-8528-50fc72bed74f,williams.schule,available,28.99,28.99,high,low,8,namesilo,,,23/09/2026 09:47
e072077f-8793-4017-a56f-d901f982651e,xerxes.schule,available,28.99,28.99,medium,low,6,namesilo,,,01/10/2026 16:35
cc19d4a8-42a2-4708-822d-eb5f20412eb8,challenge.schule,available,28.99,28.99,high,low,9,namesilo,,,29/09/2026 07:59
32cc5513-4741-4bc8-aaef-ba6bfc1a5658,facts.schule,available,22.97,22.97,high,low,5,spaceship,,,30/09/2026 20:53
fb84a18c-33ad-4fe6-bbdb-f150939ffc30,scrunch.schule,available,19.99,41.99,medium,low,7,name.com,,,13/08/2026 07:18
0357893f-3055-4d29-a369-120d0c7ad816,predictable.schule,available,22.97,22.97,high,low,11,spaceship,,,28/09/2026 15:49
29d23051-be81-4224-b88b-6f38d286e812,afoot.schule,available,19.99,41.99,medium,low,5,name.com,,,
f51a51a7-1f15-4cf2-bf59-025656fd05e6,storeroom.schule,available,22.97,22.97,high,low,9,spaceship,,,03/10/2026 02:11
1cac8d1d-e84d-4904-9e00-a15df0b69b29,nunez.schule,available,22.97,22.97,medium,low,5,spaceship,,,02/10/2026 10:09
5b179b62-1587-4c4c-a4c9-f017baff9de3,grandfathers.schule,available,29.98,32.98,high,low,12,namecheap,,,20/09/2026 22:52
ba3dcf50-b065-440a-949c-b04c49d5e7b9,toes.schule,available,28.99,28.99,medium,low,4,namesilo,,,17/09/2026 01:11
b1c8c159-e576-4746-a8c5-27ace9f81b34,hierarchy.schule,available,22.97,22.97,high,low,9,spaceship,,,30/09/2026 10:07
8ed76919-3dc9-45e8-892a-4c01f79e265c,defoe.schule,available,28.99,28.99,medium,low,5,namesilo,,,30/09/2026 16:57
9fe7ce73-f552-4cff-8e08-33ba84a2b52b,frenzied.schule,available,19.99,41.99,medium,low,8,name.com,,,18/08/2026 14:21
f5d5b6eb-43fb-4700-8218-193942d2f2a7,bypass.schule,available,22.97,22.97,medium,low,6,spaceship,,,30/09/2026 14:25
5274e851-7533-4173-b474-45357cf78df1,murray.schule,available,28.99,28.99,high,low,6,namesilo,,,25/09/2026 22:54
fffaf149-5c18-4e7c-af60-5d2786554ea4,failures.schule,available,29.98,32.98,low,low,8,namecheap,,,20/09/2026 17:55
b9387466-6b31-4714-83e1-f0719360b03a,facilities.schule,available,22.97,22.97,high,low,10,spaceship,,,01/10/2026 18:10
bea8e15f-4b51-490b-ba70-5cb62e4f6c50,flowery.schule,available,19.99,41.99,high,low,7,name.com,,,18/08/2026 09:09
be8b578c-8289-4a0f-9fe0-8f3142d5718e,embedded.schule,available,19.99,41.99,high,low,8,name.com,,,16/08/2026 08:42
7bacd1b5-af24-490a-8d72-c18843b21c38,plastic.schule,available,29.98,32.98,high,low,7,namecheap,,,25/09/2026 21:21
04011bfe-d035-490d-a23c-a612038994a6,ceramics.schule,available,22.97,22.97,high,low,8,spaceship,,,30/09/2026 16:39
01edca4e-2ec5-492a-87c8-d675b0ea847d,tooth.schule,available,29.98,32.98,high,low,5,namecheap,,,19/09/2026 18:20
60d6f9da-15d4-4a2d-b4b9-1dfa12ab70b3,debts.schule,available,28.99,28.99,low,low,5,namesilo,,,28/09/2026 04:25
dd552df0-e946-4c5b-b438-82e2a4aa714b,inexpensive.schule,available,22.2,22.2,high,low,11,cloudflare,,,01/10/2026 01:44
85397759-013b-4e9f-ad8a-8d1738b2357c,destructive.schule,available,22.97,22.97,medium,low,11,spaceship,,,30/09/2026 23:46
29f95ea9-bcd2-4e00-a71f-08c0f8b77435,clump.schule,available,28.99,28.99,high,low,5,namesilo,,,11/09/2026 15:08
b09b219c-894a-4e5d-9a67-988d4da0f385,inlaid.schule,available,19.99,41.99,medium,low,6,name.com,,,22/08/2026 05:47
9b98b2fe-fe10-4a89-92f1-8fe64eeb7d78,gibb.schule,available,22.97,22.97,medium,low,4,spaceship,,,29/09/2026 22:06
33da9860-ac3e-48a4-ba07-4b739cc67038,overhang.schule,available,19.99,41.99,medium,low,8,name.com,,,09/08/2026 08:28
798f4484-6ed8-475b-afa0-841d0576ae02,albescent.schule,available,19.99,41.99,medium,low,9,name.com,,,
beddcb65-eb52-48a8-91c7-7c8ce0b4aa81,akhenaton.schule,available,28.99,28.99,medium,low,9,namesilo,,,17/09/2026 23:57
41a4478c-c452-470b-919b-45117f56d8b1,wanting.schule,available,29.98,32.98,high,low,7,namecheap,,,28/09/2026 10:19
364a706c-3935-4dd8-a60a-c9dcea043727,carolina.schule,available,22.97,22.97,high,low,8,spaceship,,,28/09/2026 01:35
a94b0a3d-b311-4349-826c-ad604c697e54,extreme.schule,available,28.99,28.99,high,low,7,namesilo,,,04/09/2026 04:46
b17fd09c-5544-4759-9116-536ca04b4ff2,mammal.schule,available,19.99,41.99,high,low,6,name.com,,,24/08/2026 14:21
732ab740-cd36-41f2-8690-e76e229215bf,isabel.schule,available,28.99,28.99,high,low,6,namesilo,,,28/09/2026 16:24
cfdb1f5a-c30d-47d3-b71b-4ec9bf50f074,neel.schule,available,22.2,22.2,medium,low,4,cloudflare,,,01/10/2026 20:23
4a3ca6b6-23b7-4807-bb09-4808508cb254,genially.schule,available,29.98,32.98,medium,low,8,namecheap,,,13/09/2026 17:52
f41391b1-8f34-498b-86a1-fb71e7b0eb83,spades.schule,available,22.97,22.97,high,low,6,spaceship,,,30/09/2026 14:16
6d467e38-8f4b-4743-9370-4cfe2db1a7f6,advocating.schule,available,22.97,22.97,medium,low,10,spaceship,,,02/10/2026 21:40
e2616b23-ee71-4bd1-b274-2bd50852e081,buckshot.schule,available,29.98,32.98,high,low,8,namecheap,,,23/09/2026 20:24
318260de-5b65-4b0f-b61c-27929430019f,meanwhile.schule,available,19.99,41.99,high,low,9,name.com,,,25/09/2026 10:13
385696cc-24ce-49f1-be08-77edb532aeef,trance.schule,available,28.99,28.99,high,low,6,namesilo,,,28/09/2026 13:44
86932a5a-b428-40c9-bf2a-5baddbb6e2e9,repercussions.schule,available,22.2,22.2,low,low,13,cloudflare,,,02/10/2026 03:41
4ae941a8-4326-4278-8bbe-720d73ffc68e,tautly.schule,available,28.99,28.99,medium,low,6,namesilo,,,16/09/2026 08:09
bcbc7caa-7a30-40f6-b6c9-f2395c0dd244,associations.schule,available,10.92,23.76,medium,low,12,dynadot,,,02/10/2026 02:38
35b4238e-a16b-4d93-a010-b850dcb4e3f2,nascar.schule,available,22.97,22.97,high,low,6,spaceship,,,29/09/2026 03:51
fce24e1c-efaa-4123-b464-14d014cb9b38,vespasian.schule,available,10.92,23.76,medium,low,9,dynadot,,,02/10/2026 06:33
27109924-1a9c-43ff-ac0c-111a709f2d67,ambit.schule,available,28.99,28.99,high,low,5,namesilo,,,18/09/2026 16:51
a9961c0c-dbf7-47d6-9de5-f678b178935c,avena.schule,available,29.98,32.98,high,low,5,namecheap,,,21/09/2026 08:53
f5346346-ee4e-487c-9a4f-4404120249a2,stroppy.schule,available,19.99,41.99,medium,low,7,name.com,,,10/08/2026 17:59
9db6f98d-c586-4463-8a58-161c009442ef,redstone.schule,available,22.97,22.97,high,low,8,spaceship,,,01/10/2026 13:54
b250a9e2-e5d4-4116-b71a-485e59122aa6,beverages.schule,available,22.97,22.97,medium,low,9,spaceship,,,30/09/2026 06:27
42f2561a-8bab-411a-8c80-6c48412ea113,declaring.schule,available,28.99,28.99,high,low,9,namesilo,,,30/09/2026 07:00
5b14ef4f-0567-457a-b8d9-565120782168,thrilling.schule,available,19.99,41.99,high,low,9,name.com,,,16/08/2026 02:41
e2941a0e-80d7-4dde-b514-c1d723904a62,snakebird.schule,available,28.99,28.99,medium,low,9,namesilo,,,19/09/2026 08:17
4daf8578-bf04-42ab-941b-0aa8fd6443e4,sneakers.schule,available,28.99,28.99,high,low,8,namesilo,,,01/10/2026 16:47
52a5178e-53aa-40fe-b548-c397c445bdb9,skinny.schule,available,19.99,41.99,high,low,6,name.com,,,12/08/2026 04:01
9173d2cf-ca5d-4dcb-9eaa-a4a5f20fbabb,hale.schule,available,19.99,41.99,high,low,4,name.com,,,20/08/2026 22:23
2fada39b-b9f7-4c01-abb8-3ae4a68dacb9,jurassic.schule,available,19.99,41.99,high,low,8,name.com,,,22/08/2026 14:38
c54935e5-41ac-42b7-9414-37cf9818b1a7,glory.schule,available,29.98,32.98,high,low,5,namecheap,,,29/09/2026 20:52
219ee36c-6a29-4161-a3ba-233f124f8106,influenced.schule,available,22.97,22.97,high,low,10,spaceship,,,01/10/2026 20:19
81ed83c6-9b77-476f-9525-c86a6cbea887,dinosaur.schule,available,28.99,28.99,high,low,8,namesilo,,,29/09/2026 15:02
3b030efc-649a-40e7-98c4-8519cf1dd868,brazen.schule,available,19.99,41.99,high,low,6,name.com,,,11/08/2026 02:54
2f091321-fd33-41d7-98e9-be539617c8a9,andean.schule,available,19.99,41.99,high,low,6,name.com,,,
8530162d-f08e-4ebb-bca2-817c7c77622c,debonair.schule,available,19.99,41.99,high,low,8,name.com,,,12/08/2026 05:58
89afde8c-5846-4603-a6fe-608626a2db3c,goldschmidt.schule,available,28.99,28.99,high,low,11,namesilo,,,01/10/2026 11:39
5f7c72ad-42c4-4143-8def-2487f3746f4c,beloit.schule,available,10.92,23.76,high,low,6,dynadot,,,29/09/2026 22:33
d3e6b856-2b26-49be-b943-42608d68db1a,devote.schule,available,22.97,22.97,high,low,6,spaceship,,,30/09/2026 18:31
55a31bc6-fa9e-4b16-b500-9e933fdaaf54,cycles.schule,available,28.99,28.99,medium,low,6,namesilo,,,20/09/2026 09:25
529aa5c6-82b6-4ebc-b804-a85e643579d9,preference.schule,available,28.99,28.99,high,low,10,namesilo,,,29/09/2026 16:57
e3726a95-c7a1-46fc-9b63-af7fb2cf9171,sticky.schule,available,19.99,41.99,high,low,6,name.com,,,16/08/2026 07:55
76006c8e-360b-4f03-b20f-ca1c633f7ba8,harness.schule,available,28.99,28.99,high,low,7,namesilo,,,29/09/2026 01:16
c1c55379-35ae-423a-9c18-121357da1d2b,angelus.schule,available,28.99,28.99,high,low,7,namesilo,,,19/09/2026 06:03
6dedb04a-6f57-4d3f-aad2-ff3ceb11f466,subtly.schule,available,28.99,28.99,medium,low,6,namesilo,,,16/09/2026 07:33
c263cf1a-256f-42c4-935e-e8b3a18bc2e1,antwerp.schule,available,28.99,28.99,medium,low,7,namesilo,,,19/09/2026 15:48
cc4b93e0-7fc7-46bb-9580-7a64b3840d64,encyclical.schule,available,19.99,41.99,medium,low,10,name.com,,,17/08/2026 00:42
dec414d7-ff08-4ba2-b0fd-4673f3cc73a7,highway.schule,available,22.2,22.2,high,low,7,cloudflare,,,29/09/2026 22:47
74faabc0-5edf-4118-a099-39c486bcfa62,becket.schule,available,29.98,32.98,high,low,6,namecheap,,,22/09/2026 22:36
57113712-dadf-4220-bbae-4c6162544959,isolated.schule,available,29.98,32.98,medium,low,8,namecheap,,,22/09/2026 07:07
aba38af8-7401-4e95-87e1-ac5f2bc27b81,shadows.schule,available,28.99,28.99,medium,low,7,namesilo,,,18/09/2026 03:26
578ac36e-c947-4e1d-86a5-f31052b3d182,repression.schule,available,10.81,23.17,medium,low,10,porkbun,,,01/10/2026 03:28
23cf1813-2bf5-4619-8cb6-e93a20222185,shrub.schule,available,29.98,32.98,high,low,5,namecheap,,,23/09/2026 11:56
c0f698e8-da70-49fe-87d0-e575ae9d150c,diffusely.schule,available,28.99,28.99,medium,low,9,namesilo,,,14/09/2026 12:36
b5a3a74f-baf4-40d8-9049-5d4441be3def,bleat.schule,available,19.99,41.99,medium,low,5,name.com,,,10/08/2026 13:37
eb94da0e-798f-4ec2-8b36-ee53e71bcf55,dictated.schule,available,19.99,41.99,medium,low,8,name.com,,,14/08/2026 06:36
5f2a2edd-73e0-4afb-aa68-4e5d71a86c7b,honolulu.schule,available,28.99,28.99,medium,low,8,namesilo,,,29/09/2026 00:20
1d833f40-8eb2-4b75-82e0-3c9f4f5fac9e,doherty.schule,available,28.99,28.99,medium,low,7,namesilo,,,28/09/2026 04:19
d1937125-3661-4a36-94fc-449e7b034c97,congenital.schule,available,19.99,41.99,high,low,10,name.com,,,12/08/2026 21:40
0ebfc880-184a-4f32-8d8a-6208183edba4,whatnot.schule,available,19.99,,high,low,8,name.com,,,
191bb0f0-dad6-49b4-8111-f890c5185cd1,acacia.schule,available,29.98,32.98,high,low,6,namecheap,,,16/09/2026 19:59
303191e1-78bd-468b-98cd-458af8262b38,frisch.schule,available,22.2,22.2,medium,low,6,cloudflare,,,01/10/2026 19:40
b4161448-8f0e-4e98-95d4-469838b0a4eb,gaussian.schule,available,19.99,41.99,high,low,8,name.com,,,18/08/2026 20:52
01028c08-cfda-40ad-b8c0-3d7f1485815d,especially.schule,available,22.97,22.97,medium,low,10,spaceship,,,28/09/2026 14:41
175c3fb6-b03e-4d82-b161-ab2876e9ec86,statistically.schule,available,28.99,28.99,medium,low,13,namesilo,,,29/09/2026 10:41
5f325d9b-9a23-4c7e-acb6-7db548f2d102,driveway.schule,available,28.99,28.99,medium,low,8,namesilo,,,28/09/2026 13:54
1667a9c0-1338-437a-b7f1-a9eea860486d,nicole.schule,available,28.99,28.99,high,low,6,namesilo,,,02/10/2026 09:40
2eb0f07d-4862-4465-85a9-8cf81e981954,frankly.schule,available,28.99,28.99,high,low,7,namesilo,,,14/09/2026 05:08
abc3387c-9609-4e27-9bbc-b6ab5703b401,rainfall.schule,available,29.98,32.98,high,low,8,namecheap,,,30/09/2026 10:55
b19a188a-ec1d-4067-9439-9bdc52f187a0,clarification.schule,available,22.97,22.97,high,low,13,spaceship,,,02/10/2026 01:38
a591aaca-64e4-455d-b4ba-e7d9f6c66952,formic.schule,available,19.99,41.99,medium,low,6,name.com,,,18/08/2026 12:11
2e1c5bf1-9888-46c0-ac01-41b83f7feaa2,corral.schule,available,22.97,22.97,medium,low,6,spaceship,,,02/10/2026 14:36
52345d4a-6fd4-4cf3-a3fa-b7ad44e25dfa,keene.schule,available,28.99,28.99,high,low,5,namesilo,,,28/09/2026 03:36
0e7df8c4-e277-4040-bf33-c69b2184fd86,careless.schule,available,28.99,28.99,high,low,8,namesilo,,,23/09/2026 12:52
563ad8ca-8e1b-4544-8846-e8d05a35d284,screecher.schule,available,28.99,28.99,medium,low,9,namesilo,,,22/09/2026 17:04
563b9d3f-b549-40c4-97a5-e114cf537e03,breasted.schule,available,19.99,41.99,medium,low,8,name.com,,,11/08/2026 03:12
c3eb6290-d465-4701-9003-f85e681f7bc6,relish.schule,available,28.99,28.99,high,low,6,namesilo,,,29/09/2026 21:47
1540edad-5a96-4354-a6f3-307f9b76548a,fled.schule,available,22.2,22.2,low,low,4,cloudflare,,,28/09/2026 12:32
68d137c1-8eb5-4cb3-bb8d-15371047be62,falls.schule,available,22.2,22.2,high,low,5,cloudflare,,,29/09/2026 18:56
41b3e41d-da95-4903-923f-971cc40d7f8c,betrayal.schule,available,28.99,28.99,medium,low,8,namesilo,,,23/09/2026 11:24
58e77476-9bbc-43f1-a5b8-25a367f39b13,desktop.schule,available,22.97,22.97,high,low,7,spaceship,,,29/09/2026 14:08
eabf3395-c52e-41db-930b-db4a512338d2,burned.schule,available,28.99,28.99,medium,low,6,namesilo,,,23/09/2026 11:37
0525fc4e-da20-48ba-b56e-85a0e707b409,mastermind.schule,available,10.92,23.76,high,low,10,dynadot,,,01/10/2026 18:48